model,accession,status,length,per_sequence_dim,per_residue_shape,error
prot_bert,A0A1B0GVQ0,ok,90,1024,"(90, 1024)",
prot_bert,A0A291NLA3,ok,479,1024,"(479, 1024)",
prot_bert,A2AIR5,ok,1135,1024,"(1135, 1024)",
prot_bert,A4F535,ok,851,1024,"(851, 1024)",
prot_bert,A5PKW4,ok,1024,1024,"(1024, 1024)",
prot_bert,A6MI22,ok,106,1024,"(106, 1024)",
prot_bert,A6NI79,ok,296,1024,"(296, 1024)",
prot_bert,A6NK89,ok,507,1024,"(507, 1024)",
prot_bert,A6NLU0,ok,287,1024,"(287, 1024)",
prot_bert,A6NNE9,ok,402,1024,"(402, 1024)",
prot_bert,A6NNY8,ok,438,1024,"(438, 1024)",
prot_bert,A8MQ27,ok,555,1024,"(555, 1024)",
prot_bert,A8MYT4,ok,824,1024,"(824, 1024)",
prot_bert,A9UEZ6,ok,1633,1024,"(1633, 1024)",
prot_bert,B3EWF7,ok,344,1024,"(344, 1024)",
prot_bert,B3SRS0,ok,486,1024,"(486, 1024)",
prot_bert,C9JYI4,ok,328,1024,"(328, 1024)",
prot_bert,F5HEZ4,ok,188,1024,"(188, 1024)",
prot_bert,O00141,ok,431,1024,"(431, 1024)",
prot_bert,O00206,ok,839,1024,"(839, 1024)",
prot_bert,O00213,ok,710,1024,"(710, 1024)",
prot_bert,O00220,ok,468,1024,"(468, 1024)",
prot_bert,O00221,ok,500,1024,"(500, 1024)",
prot_bert,O00233,ok,223,1024,"(223, 1024)",
prot_bert,O00238,ok,502,1024,"(502, 1024)",
prot_bert,O00291,ok,1037,1024,"(1037, 1024)",
prot_bert,O00303,ok,357,1024,"(357, 1024)",
prot_bert,O00308,ok,870,1024,"(870, 1024)",
prot_bert,O00327,ok,626,1024,"(626, 1024)",
prot_bert,O00330,ok,501,1024,"(501, 1024)",
prot_bert,O00399,ok,190,1024,"(190, 1024)",
prot_bert,O00418,ok,725,1024,"(725, 1024)",
prot_bert,O00422,ok,153,1024,"(153, 1024)",
prot_bert,O00425,ok,579,1024,"(579, 1024)",
prot_bert,O00429,ok,736,1024,"(736, 1024)",
prot_bert,O00444,ok,970,1024,"(970, 1024)",
prot_bert,O00459,ok,728,1024,"(728, 1024)",
prot_bert,O00463,ok,557,1024,"(557, 1024)",
prot_bert,O00472,ok,640,1024,"(640, 1024)",
prot_bert,O00482,ok,541,1024,"(541, 1024)",
prot_bert,O00487,ok,310,1024,"(310, 1024)",
prot_bert,O00507,ok,2555,1024,"(2555, 1024)",
prot_bert,O00512,ok,1426,1024,"(1426, 1024)",
prot_bert,O00548,ok,723,1024,"(723, 1024)",
prot_bert,O00571,ok,662,1024,"(662, 1024)",
prot_bert,O00584,ok,256,1024,"(256, 1024)",
prot_bert,O00623,ok,359,1024,"(359, 1024)",
prot_bert,O00628,ok,323,1024,"(323, 1024)",
prot_bert,O00635,ok,465,1024,"(465, 1024)",
prot_bert,O00716,ok,465,1024,"(465, 1024)",
prot_bert,O00750,ok,1634,1024,"(1634, 1024)",
prot_bert,O00763,ok,2458,1024,"(2458, 1024)",
prot_bert,O14497,ok,2285,1024,"(2285, 1024)",
prot_bert,O14503,ok,412,1024,"(412, 1024)",
prot_bert,O14508,ok,198,1024,"(198, 1024)",
prot_bert,O14512,ok,581,1024,"(581, 1024)",
prot_bert,O14543,ok,225,1024,"(225, 1024)",
prot_bert,O14544,ok,535,1024,"(535, 1024)",
prot_bert,O14576,ok,645,1024,"(645, 1024)",
prot_bert,O14579,ok,308,1024,"(308, 1024)",
prot_bert,O14618,ok,274,1024,"(274, 1024)",
prot_bert,O14640,ok,695,1024,"(695, 1024)",
prot_bert,O14641,ok,736,1024,"(736, 1024)",
prot_bert,O14681,ok,340,1024,"(340, 1024)",
prot_bert,O14684,ok,152,1024,"(152, 1024)",
prot_bert,O14730,ok,519,1024,"(519, 1024)",
prot_bert,O14737,ok,125,1024,"(125, 1024)",
prot_bert,O14746,ok,1132,1024,"(1132, 1024)",
prot_bert,O14757,ok,476,1024,"(476, 1024)",
prot_bert,O14763,ok,440,1024,"(440, 1024)",
prot_bert,O14773,ok,563,1024,"(563, 1024)",
prot_bert,O14777,ok,642,1024,"(642, 1024)",
prot_bert,O14818,ok,248,1024,"(248, 1024)",
prot_bert,O14867,ok,736,1024,"(736, 1024)",
prot_bert,O14920,ok,756,1024,"(756, 1024)",
prot_bert,O14964,ok,777,1024,"(777, 1024)",
prot_bert,O14965,ok,403,1024,"(403, 1024)",
prot_bert,O14974,ok,1030,1024,"(1030, 1024)",
prot_bert,O14980,ok,1071,1024,"(1071, 1024)",
prot_bert,O15055,ok,1255,1024,"(1255, 1024)",
prot_bert,O15078,ok,2479,1024,"(2479, 1024)",
prot_bert,O15079,ok,494,1024,"(494, 1024)",
prot_bert,O15085,ok,1522,1024,"(1522, 1024)",
prot_bert,O15105,ok,426,1024,"(426, 1024)",
prot_bert,O15111,ok,745,1024,"(745, 1024)",
prot_bert,O15145,ok,178,1024,"(178, 1024)",
prot_bert,O15146,ok,869,1024,"(869, 1024)",
prot_bert,O15151,ok,490,1024,"(490, 1024)",
prot_bert,O15164,ok,1050,1024,"(1050, 1024)",
prot_bert,O15169,ok,862,1024,"(862, 1024)",
prot_bert,O15234,ok,703,1024,"(703, 1024)",
prot_bert,O15273,ok,167,1024,"(167, 1024)",
prot_bert,O15287,ok,622,1024,"(622, 1024)",
prot_bert,O15294,ok,1046,1024,"(1046, 1024)",
prot_bert,O15304,ok,175,1024,"(175, 1024)",
prot_bert,O15315,ok,384,1024,"(384, 1024)",
prot_bert,O15344,ok,667,1024,"(667, 1024)",
prot_bert,O15350,ok,636,1024,"(636, 1024)",
prot_bert,O15354,ok,613,1024,"(613, 1024)",
prot_bert,O15357,ok,1258,1024,"(1258, 1024)",
prot_bert,O15372,ok,352,1024,"(352, 1024)",
prot_bert,O15379,ok,428,1024,"(428, 1024)",
prot_bert,O15392,ok,142,1024,"(142, 1024)",
prot_bert,O15399,ok,1336,1024,"(1336, 1024)",
prot_bert,O15431,ok,190,1024,"(190, 1024)",
prot_bert,O15503,ok,277,1024,"(277, 1024)",
prot_bert,O15511,ok,151,1024,"(151, 1024)",
prot_bert,O15519,ok,480,1024,"(480, 1024)",
prot_bert,O15524,ok,211,1024,"(211, 1024)",
prot_bert,O15527,ok,345,1024,"(345, 1024)",
prot_bert,O15530,ok,556,1024,"(556, 1024)",
prot_bert,O15534,ok,1290,1024,"(1290, 1024)",
prot_bert,O15553,ok,781,1024,"(781, 1024)",
prot_bert,O15554,ok,427,1024,"(427, 1024)",
prot_bert,O43156,ok,1089,1024,"(1089, 1024)",
prot_bert,O43164,ok,708,1024,"(708, 1024)",
prot_bert,O43166,ok,1804,1024,"(1804, 1024)",
prot_bert,O43175,ok,533,1024,"(533, 1024)",
prot_bert,O43236,ok,478,1024,"(478, 1024)",
prot_bert,O43237,ok,492,1024,"(492, 1024)",
prot_bert,O43255,ok,324,1024,"(324, 1024)",
prot_bert,O43294,ok,461,1024,"(461, 1024)",
prot_bert,O43303,ok,1012,1024,"(1012, 1024)",
prot_bert,O43313,ok,823,1024,"(823, 1024)",
prot_bert,O43318,ok,606,1024,"(606, 1024)",
prot_bert,O43353,ok,540,1024,"(540, 1024)",
prot_bert,O43395,ok,683,1024,"(683, 1024)",
prot_bert,O43463,ok,412,1024,"(412, 1024)",
prot_bert,O43474,ok,513,1024,"(513, 1024)",
prot_bert,O43490,ok,865,1024,"(865, 1024)",
prot_bert,O43511,ok,780,1024,"(780, 1024)",
prot_bert,O43521,ok,198,1024,"(198, 1024)",
prot_bert,O43524,ok,673,1024,"(673, 1024)",
prot_bert,O43541,ok,496,1024,"(496, 1024)",
prot_bert,O43561,ok,262,1024,"(262, 1024)",
prot_bert,O43567,ok,381,1024,"(381, 1024)",
prot_bert,O43597,ok,315,1024,"(315, 1024)",
prot_bert,O43602,ok,365,1024,"(365, 1024)",
prot_bert,O43623,ok,268,1024,"(268, 1024)",
prot_bert,O43663,ok,620,1024,"(620, 1024)",
prot_bert,O43679,ok,373,1024,"(373, 1024)",
prot_bert,O43683,ok,1085,1024,"(1085, 1024)",
prot_bert,O43684,ok,328,1024,"(328, 1024)",
prot_bert,O43734,ok,574,1024,"(574, 1024)",
prot_bert,O43791,ok,374,1024,"(374, 1024)",
prot_bert,O60239,ok,455,1024,"(455, 1024)",
prot_bert,O60240,ok,522,1024,"(522, 1024)",
prot_bert,O60260,ok,465,1024,"(465, 1024)",
prot_bert,O60285,ok,661,1024,"(661, 1024)",
prot_bert,O60291,ok,552,1024,"(552, 1024)",
prot_bert,O60294,ok,686,1024,"(686, 1024)",
prot_bert,O60313,ok,960,1024,"(960, 1024)",
prot_bert,O60315,ok,1214,1024,"(1214, 1024)",
prot_bert,O60331,ok,668,1024,"(668, 1024)",
prot_bert,O60337,ok,910,1024,"(910, 1024)",
prot_bert,O60341,ok,852,1024,"(852, 1024)",
prot_bert,O60343,ok,1298,1024,"(1298, 1024)",
prot_bert,O60346,ok,1717,1024,"(1717, 1024)",
prot_bert,O60381,ok,514,1024,"(514, 1024)",
prot_bert,O60486,ok,1568,1024,"(1568, 1024)",
prot_bert,O60493,ok,162,1024,"(162, 1024)",
prot_bert,O60566,ok,1050,1024,"(1050, 1024)",
prot_bert,O60573,ok,245,1024,"(245, 1024)",
prot_bert,O60674,ok,1132,1024,"(1132, 1024)",
prot_bert,O60683,ok,326,1024,"(326, 1024)",
prot_bert,O60762,ok,260,1024,"(260, 1024)",
prot_bert,O60784,ok,492,1024,"(492, 1024)",
prot_bert,O60828,ok,265,1024,"(265, 1024)",
prot_bert,O60858,ok,407,1024,"(407, 1024)",
prot_bert,O60883,ok,481,1024,"(481, 1024)",
prot_bert,O60885,ok,1362,1024,"(1362, 1024)",
prot_bert,O60907,ok,577,1024,"(577, 1024)",
prot_bert,O60934,ok,754,1024,"(754, 1024)",
prot_bert,O60936,ok,208,1024,"(208, 1024)",
prot_bert,O75030,ok,526,1024,"(526, 1024)",
prot_bert,O75113,ok,896,1024,"(896, 1024)",
prot_bert,O75140,ok,1603,1024,"(1603, 1024)",
prot_bert,O75143,ok,517,1024,"(517, 1024)",
prot_bert,O75150,ok,1001,1024,"(1001, 1024)",
prot_bert,O75155,ok,1236,1024,"(1236, 1024)",
prot_bert,O75159,ok,536,1024,"(536, 1024)",
prot_bert,O75164,ok,1064,1024,"(1064, 1024)",
prot_bert,O75182,ok,1162,1024,"(1162, 1024)",
prot_bert,O75317,ok,370,1024,"(370, 1024)",
prot_bert,O75365,ok,173,1024,"(173, 1024)",
prot_bert,O75367,ok,369,1024,"(369, 1024)",
prot_bert,O75369,ok,2602,1024,"(2602, 1024)",
prot_bert,O75376,ok,2440,1024,"(2440, 1024)",
prot_bert,O75382,ok,744,1024,"(744, 1024)",
prot_bert,O75385,ok,1050,1024,"(1050, 1024)",
prot_bert,O75417,ok,2590,1024,"(2590, 1024)",
prot_bert,O75444,ok,373,1024,"(373, 1024)",
prot_bert,O75449,ok,491,1024,"(491, 1024)",
prot_bert,O75460,ok,977,1024,"(977, 1024)",
prot_bert,O75461,ok,281,1024,"(281, 1024)",
prot_bert,O75469,ok,434,1024,"(434, 1024)",
prot_bert,O75473,ok,907,1024,"(907, 1024)",
prot_bert,O75496,ok,209,1024,"(209, 1024)",
prot_bert,O75525,ok,346,1024,"(346, 1024)",
prot_bert,O75553,ok,588,1024,"(588, 1024)",
prot_bert,O75581,ok,1613,1024,"(1613, 1024)",
prot_bert,O75592,ok,4678,1024,"(4678, 1024)",
prot_bert,O75604,ok,605,1024,"(605, 1024)",
prot_bert,O75626,ok,825,1024,"(825, 1024)",
prot_bert,O75717,ok,1129,1024,"(1129, 1024)",
prot_bert,O75843,ok,785,1024,"(785, 1024)",
prot_bert,O75882,ok,1429,1024,"(1429, 1024)",
prot_bert,O75909,ok,580,1024,"(580, 1024)",
prot_bert,O75915,ok,188,1024,"(188, 1024)",
prot_bert,O75925,ok,651,1024,"(651, 1024)",
prot_bert,O75928,ok,621,1024,"(621, 1024)",
prot_bert,O75943,ok,681,1024,"(681, 1024)",
prot_bert,O76013,ok,467,1024,"(467, 1024)",
prot_bert,O76021,ok,490,1024,"(490, 1024)",
prot_bert,O76050,ok,574,1024,"(574, 1024)",
prot_bert,O76064,ok,485,1024,"(485, 1024)",
prot_bert,O76074,ok,875,1024,"(875, 1024)",
prot_bert,O76080,ok,213,1024,"(213, 1024)",
prot_bert,O76083,ok,593,1024,"(593, 1024)",
prot_bert,O76090,ok,585,1024,"(585, 1024)",
prot_bert,O92608,ok,691,1024,"(691, 1024)",
prot_bert,O94761,ok,1208,1024,"(1208, 1024)",
prot_bert,O94782,ok,785,1024,"(785, 1024)",
prot_bert,O94826,ok,608,1024,"(608, 1024)",
prot_bert,O94844,ok,696,1024,"(696, 1024)",
prot_bert,O94875,ok,1100,1024,"(1100, 1024)",
prot_bert,O94889,ok,574,1024,"(574, 1024)",
prot_bert,O94916,ok,1531,1024,"(1531, 1024)",
prot_bert,O94952,ok,628,1024,"(628, 1024)",
prot_bert,O94953,ok,1096,1024,"(1096, 1024)",
prot_bert,O94955,ok,611,1024,"(611, 1024)",
prot_bert,O94966,ok,1318,1024,"(1318, 1024)",
prot_bert,O94972,ok,964,1024,"(964, 1024)",
prot_bert,O94979,ok,1220,1024,"(1220, 1024)",
prot_bert,O94992,ok,359,1024,"(359, 1024)",
prot_bert,O95071,ok,2799,1024,"(2799, 1024)",
prot_bert,O95140,ok,757,1024,"(757, 1024)",
prot_bert,O95147,ok,198,1024,"(198, 1024)",
prot_bert,O95149,ok,360,1024,"(360, 1024)",
prot_bert,O95155,ok,1302,1024,"(1302, 1024)",
prot_bert,O95166,ok,117,1024,"(117, 1024)",
prot_bert,O95180,ok,2353,1024,"(2353, 1024)",
prot_bert,O95198,ok,593,1024,"(593, 1024)",
prot_bert,O95259,ok,989,1024,"(989, 1024)",
prot_bert,O95271,ok,1327,1024,"(1327, 1024)",
prot_bert,O95278,ok,331,1024,"(331, 1024)",
prot_bert,O95295,ok,136,1024,"(136, 1024)",
prot_bert,O95376,ok,493,1024,"(493, 1024)",
prot_bert,O95388,ok,367,1024,"(367, 1024)",
prot_bert,O95409,ok,532,1024,"(532, 1024)",
prot_bert,O95502,ok,500,1024,"(500, 1024)",
prot_bert,O95602,ok,1720,1024,"(1720, 1024)",
prot_bert,O95628,ok,575,1024,"(575, 1024)",
prot_bert,O95630,ok,424,1024,"(424, 1024)",
prot_bert,O95644,ok,943,1024,"(943, 1024)",
prot_bert,O95714,ok,4834,1024,"(4834, 1024)",
prot_bert,O95760,ok,270,1024,"(270, 1024)",
prot_bert,O95786,ok,925,1024,"(925, 1024)",
prot_bert,O95817,ok,575,1024,"(575, 1024)",
prot_bert,O95831,ok,613,1024,"(613, 1024)",
prot_bert,O95835,ok,1130,1024,"(1130, 1024)",
prot_bert,O95859,ok,305,1024,"(305, 1024)",
prot_bert,O95863,ok,264,1024,"(264, 1024)",
prot_bert,O95947,ok,436,1024,"(436, 1024)",
prot_bert,O95994,ok,175,1024,"(175, 1024)",
prot_bert,O95997,ok,202,1024,"(202, 1024)",
prot_bert,O95999,ok,233,1024,"(233, 1024)",
prot_bert,O96004,ok,215,1024,"(215, 1024)",
prot_bert,O96017,ok,543,1024,"(543, 1024)",
prot_bert,O96020,ok,404,1024,"(404, 1024)",
prot_bert,P00338,ok,332,1024,"(332, 1024)",
prot_bert,P00367,ok,558,1024,"(558, 1024)",
prot_bert,P00374,ok,187,1024,"(187, 1024)",
prot_bert,P00441,ok,154,1024,"(154, 1024)",
prot_bert,P00519,ok,1130,1024,"(1130, 1024)",
prot_bert,P00533,ok,1210,1024,"(1210, 1024)",
prot_bert,P00558,ok,417,1024,"(417, 1024)",
prot_bert,P00748,ok,615,1024,"(615, 1024)",
prot_bert,P00966,ok,412,1024,"(412, 1024)",
prot_bert,P01009,ok,418,1024,"(418, 1024)",
prot_bert,P01023,ok,1474,1024,"(1474, 1024)",
prot_bert,P01100,ok,380,1024,"(380, 1024)",
prot_bert,P01106,ok,454,1024,"(454, 1024)",
prot_bert,P01111,ok,189,1024,"(189, 1024)",
prot_bert,P01112,ok,189,1024,"(189, 1024)",
prot_bert,P01116,ok,189,1024,"(189, 1024)",
prot_bert,P01130,ok,860,1024,"(860, 1024)",
prot_bert,P01135,ok,160,1024,"(160, 1024)",
prot_bert,P01584,ok,269,1024,"(269, 1024)",
prot_bert,P01730,ok,458,1024,"(458, 1024)",
prot_bert,P01732,ok,235,1024,"(235, 1024)",
prot_bert,P01848,ok,140,1024,"(140, 1024)",
prot_bert,P01857,ok,399,1024,"(399, 1024)",
prot_bert,P01880,ok,430,1024,"(430, 1024)",
prot_bert,P01889,ok,362,1024,"(362, 1024)",
prot_bert,P01903,ok,254,1024,"(254, 1024)",
prot_bert,P01909,ok,254,1024,"(254, 1024)",
prot_bert,P01911,ok,266,1024,"(266, 1024)",
prot_bert,P01912,ok,266,1024,"(266, 1024)",
prot_bert,P01920,ok,261,1024,"(261, 1024)",
prot_bert,P02647,ok,267,1024,"(267, 1024)",
prot_bert,P02751,ok,2477,1024,"(2477, 1024)",
prot_bert,P02765,ok,367,1024,"(367, 1024)",
prot_bert,P02786,ok,760,1024,"(760, 1024)",
prot_bert,P03126,ok,158,1024,"(158, 1024)",
prot_bert,P03129,ok,98,1024,"(98, 1024)",
prot_bert,P03345,ok,429,1024,"(429, 1024)",
prot_bert,P03372,ok,595,1024,"(595, 1024)",
prot_bert,P03427,ok,759,1024,"(759, 1024)",
prot_bert,P03956,ok,469,1024,"(469, 1024)",
prot_bert,P04035,ok,888,1024,"(888, 1024)",
prot_bert,P04049,ok,648,1024,"(648, 1024)",
prot_bert,P04083,ok,346,1024,"(346, 1024)",
prot_bert,P04085,ok,211,1024,"(211, 1024)",
prot_bert,P04114,ok,4563,1024,"(4563, 1024)",
prot_bert,P04150,ok,777,1024,"(777, 1024)",
prot_bert,P04179,ok,222,1024,"(222, 1024)",
prot_bert,P04183,ok,234,1024,"(234, 1024)",
prot_bert,P04198,ok,464,1024,"(464, 1024)",
prot_bert,P04229,ok,266,1024,"(266, 1024)",
prot_bert,P04233,ok,296,1024,"(296, 1024)",
prot_bert,P04234,ok,171,1024,"(171, 1024)",
prot_bert,P04271,ok,92,1024,"(92, 1024)",
prot_bert,P04439,ok,365,1024,"(365, 1024)",
prot_bert,P04554,ok,102,1024,"(102, 1024)",
prot_bert,P04626,ok,1255,1024,"(1255, 1024)",
prot_bert,P04629,ok,796,1024,"(796, 1024)",
prot_bert,P04637,ok,393,1024,"(393, 1024)",
prot_bert,P04839,ok,570,1024,"(570, 1024)",
prot_bert,P04843,ok,607,1024,"(607, 1024)",
prot_bert,P04908,ok,130,1024,"(130, 1024)",
prot_bert,P05026,ok,303,1024,"(303, 1024)",
prot_bert,P05067,ok,770,1024,"(770, 1024)",
prot_bert,P05129,ok,697,1024,"(697, 1024)",
prot_bert,P05161,ok,165,1024,"(165, 1024)",
prot_bert,P05231,ok,212,1024,"(212, 1024)",
prot_bert,P05362,ok,532,1024,"(532, 1024)",
prot_bert,P05412,ok,331,1024,"(331, 1024)",
prot_bert,P05556,ok,798,1024,"(798, 1024)",
prot_bert,P05771,ok,671,1024,"(671, 1024)",
prot_bert,P05777,ok,252,1024,"(252, 1024)",
prot_bert,P05976,ok,194,1024,"(194, 1024)",
prot_bert,P06127,ok,495,1024,"(495, 1024)",
prot_bert,P06213,ok,1382,1024,"(1382, 1024)",
prot_bert,P06239,ok,509,1024,"(509, 1024)",
prot_bert,P06241,ok,537,1024,"(537, 1024)",
prot_bert,P06400,ok,928,1024,"(928, 1024)",
prot_bert,P06401,ok,933,1024,"(933, 1024)",
prot_bert,P06463,ok,158,1024,"(158, 1024)",
prot_bert,P06493,ok,297,1024,"(297, 1024)",
prot_bert,P06576,ok,529,1024,"(529, 1024)",
prot_bert,P06732,ok,381,1024,"(381, 1024)",
prot_bert,P06733,ok,434,1024,"(434, 1024)",
prot_bert,P06746,ok,335,1024,"(335, 1024)",
prot_bert,P06748,ok,294,1024,"(294, 1024)",
prot_bert,P06790,ok,365,1024,"(365, 1024)",
prot_bert,P06899,ok,126,1024,"(126, 1024)",
prot_bert,P06935,ok,3430,1024,"(3430, 1024)",
prot_bert,P07196,ok,543,1024,"(543, 1024)",
prot_bert,P07197,ok,916,1024,"(916, 1024)",
prot_bert,P07199,ok,599,1024,"(599, 1024)",
prot_bert,P07203,ok,203,1024,"(203, 1024)",
prot_bert,P07332,ok,822,1024,"(822, 1024)",
prot_bert,P07333,ok,972,1024,"(972, 1024)",
prot_bert,P07355,ok,339,1024,"(339, 1024)",
prot_bert,P07437,ok,444,1024,"(444, 1024)",
prot_bert,P07550,ok,413,1024,"(413, 1024)",
prot_bert,P07900,ok,732,1024,"(732, 1024)",
prot_bert,P07947,ok,543,1024,"(543, 1024)",
prot_bert,P07948,ok,512,1024,"(512, 1024)",
prot_bert,P07992,ok,297,1024,"(297, 1024)",
prot_bert,P08034,ok,283,1024,"(283, 1024)",
prot_bert,P08047,ok,785,1024,"(785, 1024)",
prot_bert,P08069,ok,1367,1024,"(1367, 1024)",
prot_bert,P08100,ok,348,1024,"(348, 1024)",
prot_bert,P08133,ok,673,1024,"(673, 1024)",
prot_bert,P08134,ok,193,1024,"(193, 1024)",
prot_bert,P08138,ok,427,1024,"(427, 1024)",
prot_bert,P08151,ok,1106,1024,"(1106, 1024)",
prot_bert,P08183,ok,1280,1024,"(1280, 1024)",
prot_bert,P08195,ok,630,1024,"(630, 1024)",
prot_bert,P08247,ok,313,1024,"(313, 1024)",
prot_bert,P08253,ok,660,1024,"(660, 1024)",
prot_bert,P08393,ok,775,1024,"(775, 1024)",
prot_bert,P08514,ok,1039,1024,"(1039, 1024)",
prot_bert,P08581,ok,1390,1024,"(1390, 1024)",
prot_bert,P08648,ok,1049,1024,"(1049, 1024)",
prot_bert,P08670,ok,466,1024,"(466, 1024)",
prot_bert,P08678,ok,2026,1024,"(2026, 1024)",
prot_bert,P08684,ok,503,1024,"(503, 1024)",
prot_bert,P08754,ok,354,1024,"(354, 1024)",
prot_bert,P09211,ok,210,1024,"(210, 1024)",
prot_bert,P09467,ok,338,1024,"(338, 1024)",
prot_bert,P09619,ok,1106,1024,"(1106, 1024)",
prot_bert,P09769,ok,529,1024,"(529, 1024)",
prot_bert,P09874,ok,1014,1024,"(1014, 1024)",
prot_bert,P09936,ok,223,1024,"(223, 1024)",
prot_bert,P0C0S5,ok,128,1024,"(128, 1024)",
prot_bert,P0C0S8,ok,130,1024,"(130, 1024)",
prot_bert,P0C209,ok,429,1024,"(429, 1024)",
prot_bert,P0C2W1,ok,286,1024,"(286, 1024)",
prot_bert,P0CI25,ok,452,1024,"(452, 1024)",
prot_bert,P0CJ68,ok,24,1024,"(24, 1024)",
prot_bert,P0DMV8,ok,641,1024,"(641, 1024)",
prot_bert,P0DP91,ok,1061,1024,"(1061, 1024)",
prot_bert,P10070,ok,1586,1024,"(1586, 1024)",
prot_bert,P10071,ok,1580,1024,"(1580, 1024)",
prot_bert,P10114,ok,183,1024,"(183, 1024)",
prot_bert,P10145,ok,99,1024,"(99, 1024)",
prot_bert,P10193,ok,851,1024,"(851, 1024)",
prot_bert,P10242,ok,640,1024,"(640, 1024)",
prot_bert,P10244,ok,700,1024,"(700, 1024)",
prot_bert,P10275,ok,920,1024,"(920, 1024)",
prot_bert,P10276,ok,462,1024,"(462, 1024)",
prot_bert,P10415,ok,239,1024,"(239, 1024)",
prot_bert,P10523,ok,405,1024,"(405, 1024)",
prot_bert,P10586,ok,1907,1024,"(1907, 1024)",
prot_bert,P10636,ok,758,1024,"(758, 1024)",
prot_bert,P10644,ok,381,1024,"(381, 1024)",
prot_bert,P10721,ok,976,1024,"(976, 1024)",
prot_bert,P10826,ok,455,1024,"(455, 1024)",
prot_bert,P10827,ok,490,1024,"(490, 1024)",
prot_bert,P10909,ok,449,1024,"(449, 1024)",
prot_bert,P10911,ok,925,1024,"(925, 1024)",
prot_bert,P10912,ok,638,1024,"(638, 1024)",
prot_bert,P10914,ok,325,1024,"(325, 1024)",
prot_bert,P10916,ok,166,1024,"(166, 1024)",
prot_bert,P11021,ok,654,1024,"(654, 1024)",
prot_bert,P11142,ok,646,1024,"(646, 1024)",
prot_bert,P11161,ok,476,1024,"(476, 1024)",
prot_bert,P11234,ok,206,1024,"(206, 1024)",
prot_bert,P11274,ok,1271,1024,"(1271, 1024)",
prot_bert,P11308,ok,479,1024,"(479, 1024)",
prot_bert,P11362,ok,822,1024,"(822, 1024)",
prot_bert,P11388,ok,1531,1024,"(1531, 1024)",
prot_bert,P11441,ok,157,1024,"(157, 1024)",
prot_bert,P11474,ok,423,1024,"(423, 1024)",
prot_bert,P11678,ok,715,1024,"(715, 1024)",
prot_bert,P11686,ok,197,1024,"(197, 1024)",
prot_bert,P11940,ok,636,1024,"(636, 1024)",
prot_bert,P12004,ok,261,1024,"(261, 1024)",
prot_bert,P12277,ok,381,1024,"(381, 1024)",
prot_bert,P12318,ok,317,1024,"(317, 1024)",
prot_bert,P12532,ok,417,1024,"(417, 1024)",
prot_bert,P12755,ok,728,1024,"(728, 1024)",
prot_bert,P12757,ok,684,1024,"(684, 1024)",
prot_bert,P12830,ok,882,1024,"(882, 1024)",
prot_bert,P12931,ok,536,1024,"(536, 1024)",
prot_bert,P12956,ok,609,1024,"(609, 1024)",
prot_bert,P13010,ok,732,1024,"(732, 1024)",
prot_bert,P13051,ok,313,1024,"(313, 1024)",
prot_bert,P13349,ok,255,1024,"(255, 1024)",
prot_bert,P13473,ok,410,1024,"(410, 1024)",
prot_bert,P13569,ok,1480,1024,"(1480, 1024)",
prot_bert,P13631,ok,454,1024,"(454, 1024)",
prot_bert,P13760,ok,266,1024,"(266, 1024)",
prot_bert,P13761,ok,266,1024,"(266, 1024)",
prot_bert,P13762,ok,266,1024,"(266, 1024)",
prot_bert,P13861,ok,404,1024,"(404, 1024)",
prot_bert,P14076,ok,429,1024,"(429, 1024)",
prot_bert,P14077,ok,429,1024,"(429, 1024)",
prot_bert,P14136,ok,432,1024,"(432, 1024)",
prot_bert,P14316,ok,349,1024,"(349, 1024)",
prot_bert,P14373,ok,513,1024,"(513, 1024)",
prot_bert,P14618,ok,531,1024,"(531, 1024)",
prot_bert,P14635,ok,433,1024,"(433, 1024)",
prot_bert,P14780,ok,707,1024,"(707, 1024)",
prot_bert,P14859,ok,743,1024,"(743, 1024)",
prot_bert,P14921,ok,441,1024,"(441, 1024)",
prot_bert,P15056,ok,766,1024,"(766, 1024)",
prot_bert,P15104,ok,373,1024,"(373, 1024)",
prot_bert,P15151,ok,417,1024,"(417, 1024)",
prot_bert,P15172,ok,320,1024,"(320, 1024)",
prot_bert,P15173,ok,224,1024,"(224, 1024)",
prot_bert,P15259,ok,253,1024,"(253, 1024)",
prot_bert,P15260,ok,489,1024,"(489, 1024)",
prot_bert,P15374,ok,230,1024,"(230, 1024)",
prot_bert,P15407,ok,271,1024,"(271, 1024)",
prot_bert,P15408,ok,326,1024,"(326, 1024)",
prot_bert,P15498,ok,845,1024,"(845, 1024)",
prot_bert,P15559,ok,274,1024,"(274, 1024)",
prot_bert,P15813,ok,335,1024,"(335, 1024)",
prot_bert,P15880,ok,293,1024,"(293, 1024)",
prot_bert,P15884,ok,667,1024,"(667, 1024)",
prot_bert,P15918,ok,1043,1024,"(1043, 1024)",
prot_bert,P15923,ok,654,1024,"(654, 1024)",
prot_bert,P15927,ok,270,1024,"(270, 1024)",
prot_bert,P15941,ok,1255,1024,"(1255, 1024)",
prot_bert,P16070,ok,742,1024,"(742, 1024)",
prot_bert,P16104,ok,143,1024,"(143, 1024)",
prot_bert,P16150,ok,400,1024,"(400, 1024)",
prot_bert,P16234,ok,1089,1024,"(1089, 1024)",
prot_bert,P16284,ok,738,1024,"(738, 1024)",
prot_bert,P16401,ok,226,1024,"(226, 1024)",
prot_bert,P16403,ok,213,1024,"(213, 1024)",
prot_bert,P16471,ok,622,1024,"(622, 1024)",
prot_bert,P16949,ok,149,1024,"(149, 1024)",
prot_bert,P17181,ok,557,1024,"(557, 1024)",
prot_bert,P17252,ok,672,1024,"(672, 1024)",
prot_bert,P17275,ok,347,1024,"(347, 1024)",
prot_bert,P17302,ok,382,1024,"(382, 1024)",
prot_bert,P17542,ok,331,1024,"(331, 1024)",
prot_bert,P17612,ok,351,1024,"(351, 1024)",
prot_bert,P17661,ok,470,1024,"(470, 1024)",
prot_bert,P17676,ok,345,1024,"(345, 1024)",
prot_bert,P17844,ok,614,1024,"(614, 1024)",
prot_bert,P17861,ok,261,1024,"(261, 1024)",
prot_bert,P17947,ok,270,1024,"(270, 1024)",
prot_bert,P17948,ok,1338,1024,"(1338, 1024)",
prot_bert,P18065,ok,325,1024,"(325, 1024)",
prot_bert,P18084,ok,799,1024,"(799, 1024)",
prot_bert,P18433,ok,802,1024,"(802, 1024)",
prot_bert,P18847,ok,181,1024,"(181, 1024)",
prot_bert,P18848,ok,351,1024,"(351, 1024)",
prot_bert,P18887,ok,633,1024,"(633, 1024)",
prot_bert,P19174,ok,1290,1024,"(1290, 1024)",
prot_bert,P19235,ok,508,1024,"(508, 1024)",
prot_bert,P19237,ok,187,1024,"(187, 1024)",
prot_bert,P19320,ok,739,1024,"(739, 1024)",
prot_bert,P19338,ok,710,1024,"(710, 1024)",
prot_bert,P19367,ok,917,1024,"(917, 1024)",
prot_bert,P19419,ok,428,1024,"(428, 1024)",
prot_bert,P19429,ok,210,1024,"(210, 1024)",
prot_bert,P19474,ok,475,1024,"(475, 1024)",
prot_bert,P19544,ok,449,1024,"(449, 1024)",
prot_bert,P19634,ok,815,1024,"(815, 1024)",
prot_bert,P19784,ok,350,1024,"(350, 1024)",
prot_bert,P19838,ok,968,1024,"(968, 1024)",
prot_bert,P20039,ok,266,1024,"(266, 1024)",
prot_bert,P20226,ok,339,1024,"(339, 1024)",
prot_bert,P20248,ok,432,1024,"(432, 1024)",
prot_bert,P20333,ok,461,1024,"(461, 1024)",
prot_bert,P20393,ok,614,1024,"(614, 1024)",
prot_bert,P20671,ok,130,1024,"(130, 1024)",
prot_bert,P20700,ok,586,1024,"(586, 1024)",
prot_bert,P20749,ok,454,1024,"(454, 1024)",
prot_bert,P20963,ok,164,1024,"(164, 1024)",
prot_bert,P21333,ok,2647,1024,"(2647, 1024)",
prot_bert,P21359,ok,2839,1024,"(2839, 1024)",
prot_bert,P21580,ok,790,1024,"(790, 1024)",
prot_bert,P21583,ok,273,1024,"(273, 1024)",
prot_bert,P21589,ok,574,1024,"(574, 1024)",
prot_bert,P21709,ok,976,1024,"(976, 1024)",
prot_bert,P21796,ok,283,1024,"(283, 1024)",
prot_bert,P21802,ok,821,1024,"(821, 1024)",
prot_bert,P21860,ok,1342,1024,"(1342, 1024)",
prot_bert,P21917,ok,419,1024,"(419, 1024)",
prot_bert,P22001,ok,575,1024,"(575, 1024)",
prot_bert,P22304,ok,550,1024,"(550, 1024)",
prot_bert,P22392,ok,152,1024,"(152, 1024)",
prot_bert,P22455,ok,802,1024,"(802, 1024)",
prot_bert,P22459,ok,653,1024,"(653, 1024)",
prot_bert,P22607,ok,806,1024,"(806, 1024)",
prot_bert,P22681,ok,906,1024,"(906, 1024)",
prot_bert,P22694,ok,351,1024,"(351, 1024)",
prot_bert,P22736,ok,598,1024,"(598, 1024)",
prot_bert,P23025,ok,273,1024,"(273, 1024)",
prot_bert,P23258,ok,451,1024,"(451, 1024)",
prot_bert,P23396,ok,243,1024,"(243, 1024)",
prot_bert,P23443,ok,525,1024,"(525, 1024)",
prot_bert,P23458,ok,1154,1024,"(1154, 1024)",
prot_bert,P23497,ok,879,1024,"(879, 1024)",
prot_bert,P23588,ok,611,1024,"(611, 1024)",
prot_bert,P23759,ok,505,1024,"(505, 1024)",
prot_bert,P23760,ok,479,1024,"(479, 1024)",
prot_bert,P23771,ok,443,1024,"(443, 1024)",
prot_bert,P23919,ok,212,1024,"(212, 1024)",
prot_bert,P23921,ok,792,1024,"(792, 1024)",
prot_bert,P24385,ok,295,1024,"(295, 1024)",
prot_bert,P24468,ok,414,1024,"(414, 1024)",
prot_bert,P24522,ok,165,1024,"(165, 1024)",
prot_bert,P24864,ok,410,1024,"(410, 1024)",
prot_bert,P24928,ok,1970,1024,"(1970, 1024)",
prot_bert,P24941,ok,298,1024,"(298, 1024)",
prot_bert,P25054,ok,2843,1024,"(2843, 1024)",
prot_bert,P25098,ok,689,1024,"(689, 1024)",
prot_bert,P25116,ok,425,1024,"(425, 1024)",
prot_bert,P25205,ok,808,1024,"(808, 1024)",
prot_bert,P25440,ok,801,1024,"(801, 1024)",
prot_bert,P25445,ok,335,1024,"(335, 1024)",
prot_bert,P25490,ok,414,1024,"(414, 1024)",
prot_bert,P25791,ok,158,1024,"(158, 1024)",
prot_bert,P25815,ok,95,1024,"(95, 1024)",
prot_bert,P25963,ok,317,1024,"(317, 1024)",
prot_bert,P26006,ok,1051,1024,"(1051, 1024)",
prot_bert,P26038,ok,577,1024,"(577, 1024)",
prot_bert,P26045,ok,913,1024,"(913, 1024)",
prot_bert,P26358,ok,1616,1024,"(1616, 1024)",
prot_bert,P26367,ok,422,1024,"(422, 1024)",
prot_bert,P26927,ok,711,1024,"(711, 1024)",
prot_bert,P26951,ok,378,1024,"(378, 1024)",
prot_bert,P27216,ok,316,1024,"(316, 1024)",
prot_bert,P27348,ok,245,1024,"(245, 1024)",
prot_bert,P27361,ok,379,1024,"(379, 1024)",
prot_bert,P27449,ok,155,1024,"(155, 1024)",
prot_bert,P27694,ok,616,1024,"(616, 1024)",
prot_bert,P27695,ok,318,1024,"(318, 1024)",
prot_bert,P27701,ok,267,1024,"(267, 1024)",
prot_bert,P27986,ok,724,1024,"(724, 1024)",
prot_bert,P28482,ok,360,1024,"(360, 1024)",
prot_bert,P28562,ok,367,1024,"(367, 1024)",
prot_bert,P28715,ok,1186,1024,"(1186, 1024)",
prot_bert,P28749,ok,1068,1024,"(1068, 1024)",
prot_bert,P29033,ok,226,1024,"(226, 1024)",
prot_bert,P29034,ok,98,1024,"(98, 1024)",
prot_bert,P29274,ok,412,1024,"(412, 1024)",
prot_bert,P29317,ok,976,1024,"(976, 1024)",
prot_bert,P29322,ok,1005,1024,"(1005, 1024)",
prot_bert,P29350,ok,595,1024,"(595, 1024)",
prot_bert,P29372,ok,298,1024,"(298, 1024)",
prot_bert,P29466,ok,404,1024,"(404, 1024)",
prot_bert,P29474,ok,1203,1024,"(1203, 1024)",
prot_bert,P29475,ok,1434,1024,"(1434, 1024)",
prot_bert,P29590,ok,882,1024,"(882, 1024)",
prot_bert,P29965,ok,261,1024,"(261, 1024)",
prot_bert,P30153,ok,589,1024,"(589, 1024)",
prot_bert,P30279,ok,289,1024,"(289, 1024)",
prot_bert,P30281,ok,292,1024,"(292, 1024)",
prot_bert,P30291,ok,646,1024,"(646, 1024)",
prot_bert,P30304,ok,524,1024,"(524, 1024)",
prot_bert,P30305,ok,580,1024,"(580, 1024)",
prot_bert,P30307,ok,473,1024,"(473, 1024)",
prot_bert,P30838,ok,453,1024,"(453, 1024)",
prot_bert,P31146,ok,461,1024,"(461, 1024)",
prot_bert,P31321,ok,381,1024,"(381, 1024)",
prot_bert,P31323,ok,418,1024,"(418, 1024)",
prot_bert,P31350,ok,389,1024,"(389, 1024)",
prot_bert,P31645,ok,630,1024,"(630, 1024)",
prot_bert,P31749,ok,480,1024,"(480, 1024)",
prot_bert,P31751,ok,481,1024,"(481, 1024)",
prot_bert,P31785,ok,369,1024,"(369, 1024)",
prot_bert,P31937,ok,336,1024,"(336, 1024)",
prot_bert,P31947,ok,248,1024,"(248, 1024)",
prot_bert,P31994,ok,310,1024,"(310, 1024)",
prot_bert,P32121,ok,409,1024,"(409, 1024)",
prot_bert,P32314,ok,431,1024,"(431, 1024)",
prot_bert,P32519,ok,619,1024,"(619, 1024)",
prot_bert,P33076,ok,1130,1024,"(1130, 1024)",
prot_bert,P33402,ok,732,1024,"(732, 1024)",
prot_bert,P33527,ok,1531,1024,"(1531, 1024)",
prot_bert,P33778,ok,126,1024,"(126, 1024)",
prot_bert,P33981,ok,857,1024,"(857, 1024)",
prot_bert,P33993,ok,719,1024,"(719, 1024)",
prot_bert,P34897,ok,504,1024,"(504, 1024)",
prot_bert,P34932,ok,840,1024,"(840, 1024)",
prot_bert,P35125,ok,1406,1024,"(1406, 1024)",
prot_bert,P35222,ok,781,1024,"(781, 1024)",
prot_bert,P35226,ok,326,1024,"(326, 1024)",
prot_bert,P35228,ok,1153,1024,"(1153, 1024)",
prot_bert,P35232,ok,272,1024,"(272, 1024)",
prot_bert,P35240,ok,595,1024,"(595, 1024)",
prot_bert,P35250,ok,354,1024,"(354, 1024)",
prot_bert,P35354,ok,604,1024,"(604, 1024)",
prot_bert,P35548,ok,267,1024,"(267, 1024)",
prot_bert,P35555,ok,2871,1024,"(2871, 1024)",
prot_bert,P35558,ok,622,1024,"(622, 1024)",
prot_bert,P35568,ok,1242,1024,"(1242, 1024)",
prot_bert,P35573,ok,1532,1024,"(1532, 1024)",
prot_bert,P35609,ok,894,1024,"(894, 1024)",
prot_bert,P35613,ok,385,1024,"(385, 1024)",
prot_bert,P35626,ok,688,1024,"(688, 1024)",
prot_bert,P35637,ok,526,1024,"(526, 1024)",
prot_bert,P35659,ok,375,1024,"(375, 1024)",
prot_bert,P35712,ok,828,1024,"(828, 1024)",
prot_bert,P35813,ok,382,1024,"(382, 1024)",
prot_bert,P35869,ok,848,1024,"(848, 1024)",
prot_bert,P35968,ok,1356,1024,"(1356, 1024)",
prot_bert,P36406,ok,574,1024,"(574, 1024)",
prot_bert,P36507,ok,400,1024,"(400, 1024)",
prot_bert,P36639,ok,156,1024,"(156, 1024)",
prot_bert,P36888,ok,993,1024,"(993, 1024)",
prot_bert,P36894,ok,532,1024,"(532, 1024)",
prot_bert,P36897,ok,503,1024,"(503, 1024)",
prot_bert,P36956,ok,1147,1024,"(1147, 1024)",
prot_bert,P37023,ok,503,1024,"(503, 1024)",
prot_bert,P37088,ok,669,1024,"(669, 1024)",
prot_bert,P37173,ok,567,1024,"(567, 1024)",
prot_bert,P37198,ok,522,1024,"(522, 1024)",
prot_bert,P37231,ok,505,1024,"(505, 1024)",
prot_bert,P37275,ok,1124,1024,"(1124, 1024)",
prot_bert,P37840,ok,140,1024,"(140, 1024)",
prot_bert,P38398,ok,1863,1024,"(1863, 1024)",
prot_bert,P38936,ok,164,1024,"(164, 1024)",
prot_bert,P40189,ok,918,1024,"(918, 1024)",
prot_bert,P40238,ok,635,1024,"(635, 1024)",
prot_bert,P40305,ok,122,1024,"(122, 1024)",
prot_bert,P40337,ok,213,1024,"(213, 1024)",
prot_bert,P40424,ok,430,1024,"(430, 1024)",
prot_bert,P40763,ok,770,1024,"(770, 1024)",
prot_bert,P40818,ok,1118,1024,"(1118, 1024)",
prot_bert,P41002,ok,786,1024,"(786, 1024)",
prot_bert,P41134,ok,155,1024,"(155, 1024)",
prot_bert,P41161,ok,510,1024,"(510, 1024)",
prot_bert,P41180,ok,1078,1024,"(1078, 1024)",
prot_bert,P41181,ok,271,1024,"(271, 1024)",
prot_bert,P41182,ok,706,1024,"(706, 1024)",
prot_bert,P41212,ok,452,1024,"(452, 1024)",
prot_bert,P41229,ok,1560,1024,"(1560, 1024)",
prot_bert,P41594,ok,1212,1024,"(1212, 1024)",
prot_bert,P41595,ok,481,1024,"(481, 1024)",
prot_bert,P41743,ok,596,1024,"(596, 1024)",
prot_bert,P42081,ok,329,1024,"(329, 1024)",
prot_bert,P42224,ok,750,1024,"(750, 1024)",
prot_bert,P42226,ok,847,1024,"(847, 1024)",
prot_bert,P42229,ok,794,1024,"(794, 1024)",
prot_bert,P42261,ok,906,1024,"(906, 1024)",
prot_bert,P42336,ok,1068,1024,"(1068, 1024)",
prot_bert,P42345,ok,2549,1024,"(2549, 1024)",
prot_bert,P42566,ok,896,1024,"(896, 1024)",
prot_bert,P42574,ok,277,1024,"(277, 1024)",
prot_bert,P42679,ok,507,1024,"(507, 1024)",
prot_bert,P42771,ok,156,1024,"(156, 1024)",
prot_bert,P42773,ok,168,1024,"(168, 1024)",
prot_bert,P42858,ok,3142,1024,"(3142, 1024)",
prot_bert,P43003,ok,542,1024,"(542, 1024)",
prot_bert,P43005,ok,524,1024,"(524, 1024)",
prot_bert,P43146,ok,1447,1024,"(1447, 1024)",
prot_bert,P43246,ok,934,1024,"(934, 1024)",
prot_bert,P43268,ok,484,1024,"(484, 1024)",
prot_bert,P43357,ok,314,1024,"(314, 1024)",
prot_bert,P43360,ok,314,1024,"(314, 1024)",
prot_bert,P43403,ok,619,1024,"(619, 1024)",
prot_bert,P43405,ok,635,1024,"(635, 1024)",
prot_bert,P43694,ok,442,1024,"(442, 1024)",
prot_bert,P43699,ok,371,1024,"(371, 1024)",
prot_bert,P45973,ok,191,1024,"(191, 1024)",
prot_bert,P45974,ok,858,1024,"(858, 1024)",
prot_bert,P45983,ok,427,1024,"(427, 1024)",
prot_bert,P45984,ok,424,1024,"(424, 1024)",
prot_bert,P45985,ok,399,1024,"(399, 1024)",
prot_bert,P46100,ok,2492,1024,"(2492, 1024)",
prot_bert,P46109,ok,303,1024,"(303, 1024)",
prot_bert,P46527,ok,198,1024,"(198, 1024)",
prot_bert,P46531,ok,2555,1024,"(2555, 1024)",
prot_bert,P46695,ok,156,1024,"(156, 1024)",
prot_bert,P46736,ok,316,1024,"(316, 1024)",
prot_bert,P46783,ok,165,1024,"(165, 1024)",
prot_bert,P46821,ok,2468,1024,"(2468, 1024)",
prot_bert,P46934,ok,1319,1024,"(1319, 1024)",
prot_bert,P46937,ok,504,1024,"(504, 1024)",
prot_bert,P46939,ok,3433,1024,"(3433, 1024)",
prot_bert,P47895,ok,512,1024,"(512, 1024)",
prot_bert,P47989,ok,1333,1024,"(1333, 1024)",
prot_bert,P48048,ok,391,1024,"(391, 1024)",
prot_bert,P48059,ok,325,1024,"(325, 1024)",
prot_bert,P48200,ok,963,1024,"(963, 1024)",
prot_bert,P48431,ok,317,1024,"(317, 1024)",
prot_bert,P48436,ok,509,1024,"(509, 1024)",
prot_bert,P48546,ok,466,1024,"(466, 1024)",
prot_bert,P48730,ok,415,1024,"(415, 1024)",
prot_bert,P48736,ok,1102,1024,"(1102, 1024)",
prot_bert,P48742,ok,406,1024,"(406, 1024)",
prot_bert,P48764,ok,834,1024,"(834, 1024)",
prot_bert,P49023,ok,591,1024,"(591, 1024)",
prot_bert,P49116,ok,596,1024,"(596, 1024)",
prot_bert,P49137,ok,400,1024,"(400, 1024)",
prot_bert,P49281,ok,568,1024,"(568, 1024)",
prot_bert,P49327,ok,2511,1024,"(2511, 1024)",
prot_bert,P49336,ok,464,1024,"(464, 1024)",
prot_bert,P49407,ok,418,1024,"(418, 1024)",
prot_bert,P49411,ok,455,1024,"(455, 1024)",
prot_bert,P49427,ok,236,1024,"(236, 1024)",
prot_bert,P49450,ok,140,1024,"(140, 1024)",
prot_bert,P49454,ok,3114,1024,"(3114, 1024)",
prot_bert,P49458,ok,86,1024,"(86, 1024)",
prot_bert,P49585,ok,367,1024,"(367, 1024)",
prot_bert,P49675,ok,285,1024,"(285, 1024)",
prot_bert,P49715,ok,358,1024,"(358, 1024)",
prot_bert,P49716,ok,269,1024,"(269, 1024)",
prot_bert,P49757,ok,651,1024,"(651, 1024)",
prot_bert,P49768,ok,467,1024,"(467, 1024)",
prot_bert,P49792,ok,3224,1024,"(3224, 1024)",
prot_bert,P49815,ok,1807,1024,"(1807, 1024)",
prot_bert,P49841,ok,420,1024,"(420, 1024)",
prot_bert,P49915,ok,693,1024,"(693, 1024)",
prot_bert,P49918,ok,316,1024,"(316, 1024)",
prot_bert,P49959,ok,708,1024,"(708, 1024)",
prot_bert,P50458,ok,406,1024,"(406, 1024)",
prot_bert,P50539,ok,228,1024,"(228, 1024)",
prot_bert,P50542,ok,639,1024,"(639, 1024)",
prot_bert,P50549,ok,477,1024,"(477, 1024)",
prot_bert,P50552,ok,380,1024,"(380, 1024)",
prot_bert,P50553,ok,236,1024,"(236, 1024)",
prot_bert,P50579,ok,478,1024,"(478, 1024)",
prot_bert,P50616,ok,345,1024,"(345, 1024)",
prot_bert,P50750,ok,372,1024,"(372, 1024)",
prot_bert,P50876,ok,292,1024,"(292, 1024)",
prot_bert,P50991,ok,539,1024,"(539, 1024)",
prot_bert,P51114,ok,621,1024,"(621, 1024)",
prot_bert,P51168,ok,640,1024,"(640, 1024)",
prot_bert,P51170,ok,649,1024,"(649, 1024)",
prot_bert,P51449,ok,518,1024,"(518, 1024)",
prot_bert,P51451,ok,505,1024,"(505, 1024)",
prot_bert,P51530,ok,1060,1024,"(1060, 1024)",
prot_bert,P51532,ok,1647,1024,"(1647, 1024)",
prot_bert,P51587,ok,3418,1024,"(3418, 1024)",
prot_bert,P51610,ok,2035,1024,"(2035, 1024)",
prot_bert,P51617,ok,712,1024,"(712, 1024)",
prot_bert,P51668,ok,147,1024,"(147, 1024)",
prot_bert,P51692,ok,787,1024,"(787, 1024)",
prot_bert,P51784,ok,963,1024,"(963, 1024)",
prot_bert,P51795,ok,816,1024,"(816, 1024)",
prot_bert,P51825,ok,1210,1024,"(1210, 1024)",
prot_bert,P51843,ok,470,1024,"(470, 1024)",
prot_bert,P51955,ok,445,1024,"(445, 1024)",
prot_bert,P51965,ok,193,1024,"(193, 1024)",
prot_bert,P52292,ok,529,1024,"(529, 1024)",
prot_bert,P52294,ok,538,1024,"(538, 1024)",
prot_bert,P52333,ok,1124,1024,"(1124, 1024)",
prot_bert,P52434,ok,150,1024,"(150, 1024)",
prot_bert,P52564,ok,334,1024,"(334, 1024)",
prot_bert,P52565,ok,204,1024,"(204, 1024)",
prot_bert,P52566,ok,201,1024,"(201, 1024)",
prot_bert,P52597,ok,415,1024,"(415, 1024)",
prot_bert,P52630,ok,851,1024,"(851, 1024)",
prot_bert,P52789,ok,917,1024,"(917, 1024)",
prot_bert,P52907,ok,286,1024,"(286, 1024)",
prot_bert,P52952,ok,324,1024,"(324, 1024)",
prot_bert,P53350,ok,603,1024,"(603, 1024)",
prot_bert,P53355,ok,1430,1024,"(1430, 1024)",
prot_bert,P53396,ok,1101,1024,"(1101, 1024)",
prot_bert,P53667,ok,647,1024,"(647, 1024)",
prot_bert,P53779,ok,464,1024,"(464, 1024)",
prot_bert,P53804,ok,2025,1024,"(2025, 1024)",
prot_bert,P53805,ok,252,1024,"(252, 1024)",
prot_bert,P54098,ok,1239,1024,"(1239, 1024)",
prot_bert,P54132,ok,1417,1024,"(1417, 1024)",
prot_bert,P54252,ok,361,1024,"(361, 1024)",
prot_bert,P54253,ok,815,1024,"(815, 1024)",
prot_bert,P54274,ok,439,1024,"(439, 1024)",
prot_bert,P54578,ok,494,1024,"(494, 1024)",
prot_bert,P54646,ok,552,1024,"(552, 1024)",
prot_bert,P54652,ok,639,1024,"(639, 1024)",
prot_bert,P54725,ok,363,1024,"(363, 1024)",
prot_bert,P54727,ok,409,1024,"(409, 1024)",
prot_bert,P54762,ok,984,1024,"(984, 1024)",
prot_bert,P54821,ok,245,1024,"(245, 1024)",
prot_bert,P54829,ok,565,1024,"(565, 1024)",
prot_bert,P55008,ok,147,1024,"(147, 1024)",
prot_bert,P55017,ok,1021,1024,"(1021, 1024)",
prot_bert,P55036,ok,377,1024,"(377, 1024)",
prot_bert,P55060,ok,971,1024,"(971, 1024)",
prot_bert,P55061,ok,237,1024,"(237, 1024)",
prot_bert,P55072,ok,806,1024,"(806, 1024)",
prot_bert,P55085,ok,397,1024,"(397, 1024)",
prot_bert,P55199,ok,621,1024,"(621, 1024)",
prot_bert,P55210,ok,303,1024,"(303, 1024)",
prot_bert,P55211,ok,416,1024,"(416, 1024)",
prot_bert,P55212,ok,293,1024,"(293, 1024)",
prot_bert,P55290,ok,713,1024,"(713, 1024)",
prot_bert,P55317,ok,472,1024,"(472, 1024)",
prot_bert,P55895,ok,527,1024,"(527, 1024)",
prot_bert,P55957,ok,195,1024,"(195, 1024)",
prot_bert,P56545,ok,445,1024,"(445, 1024)",
prot_bert,P56750,ok,224,1024,"(224, 1024)",
prot_bert,P56817,ok,501,1024,"(501, 1024)",
prot_bert,P57078,ok,832,1024,"(832, 1024)",
prot_bert,P57737,ok,925,1024,"(925, 1024)",
prot_bert,P58004,ok,480,1024,"(480, 1024)",
prot_bert,P59044,ok,892,1024,"(892, 1024)",
prot_bert,P60002,ok,83,1024,"(83, 1024)",
prot_bert,P60321,ok,138,1024,"(138, 1024)",
prot_bert,P60484,ok,403,1024,"(403, 1024)",
prot_bert,P60842,ok,406,1024,"(406, 1024)",
prot_bert,P60903,ok,97,1024,"(97, 1024)",
prot_bert,P60953,ok,191,1024,"(191, 1024)",
prot_bert,P61073,ok,352,1024,"(352, 1024)",
prot_bert,P61077,ok,147,1024,"(147, 1024)",
prot_bert,P61086,ok,200,1024,"(200, 1024)",
prot_bert,P61088,ok,152,1024,"(152, 1024)",
prot_bert,P61224,ok,184,1024,"(184, 1024)",
prot_bert,P61254,ok,145,1024,"(145, 1024)",
prot_bert,P61328,ok,243,1024,"(243, 1024)",
prot_bert,P61371,ok,349,1024,"(349, 1024)",
prot_bert,P61586,ok,193,1024,"(193, 1024)",
prot_bert,P61587,ok,244,1024,"(244, 1024)",
prot_bert,P61956,ok,95,1024,"(95, 1024)",
prot_bert,P61968,ok,165,1024,"(165, 1024)",
prot_bert,P62068,ok,366,1024,"(366, 1024)",
prot_bert,P62136,ok,330,1024,"(330, 1024)",
prot_bert,P62249,ok,146,1024,"(146, 1024)",
prot_bert,P62253,ok,170,1024,"(170, 1024)",
prot_bert,P62324,ok,171,1024,"(171, 1024)",
prot_bert,P62330,ok,175,1024,"(175, 1024)",
prot_bert,P62487,ok,172,1024,"(172, 1024)",
prot_bert,P62714,ok,309,1024,"(309, 1024)",
prot_bert,P62745,ok,196,1024,"(196, 1024)",
prot_bert,P62805,ok,103,1024,"(103, 1024)",
prot_bert,P62807,ok,126,1024,"(126, 1024)",
prot_bert,P62877,ok,108,1024,"(108, 1024)",
prot_bert,P62937,ok,165,1024,"(165, 1024)",
prot_bert,P62979,ok,156,1024,"(156, 1024)",
prot_bert,P62993,ok,217,1024,"(217, 1024)",
prot_bert,P63000,ok,192,1024,"(192, 1024)",
prot_bert,P63165,ok,101,1024,"(101, 1024)",
prot_bert,P63241,ok,154,1024,"(154, 1024)",
prot_bert,P63244,ok,317,1024,"(317, 1024)",
prot_bert,P63252,ok,427,1024,"(427, 1024)",
prot_bert,P63279,ok,158,1024,"(158, 1024)",
prot_bert,P63316,ok,161,1024,"(161, 1024)",
prot_bert,P67775,ok,309,1024,"(309, 1024)",
prot_bert,P67809,ok,324,1024,"(324, 1024)",
prot_bert,P67870,ok,215,1024,"(215, 1024)",
prot_bert,P67936,ok,248,1024,"(248, 1024)",
prot_bert,P68036,ok,154,1024,"(154, 1024)",
prot_bert,P68133,ok,377,1024,"(377, 1024)",
prot_bert,P68363,ok,451,1024,"(451, 1024)",
prot_bert,P68431,ok,136,1024,"(136, 1024)",
prot_bert,P69720,ok,192,1024,"(192, 1024)",
prot_bert,P78317,ok,190,1024,"(190, 1024)",
prot_bert,P78318,ok,339,1024,"(339, 1024)",
prot_bert,P78324,ok,504,1024,"(504, 1024)",
prot_bert,P78344,ok,907,1024,"(907, 1024)",
prot_bert,P78352,ok,724,1024,"(724, 1024)",
prot_bert,P78380,ok,273,1024,"(273, 1024)",
prot_bert,P78396,ok,465,1024,"(465, 1024)",
prot_bert,P78406,ok,368,1024,"(368, 1024)",
prot_bert,P78504,ok,1218,1024,"(1218, 1024)",
prot_bert,P78527,ok,4128,1024,"(4128, 1024)",
prot_bert,P78543,ok,158,1024,"(158, 1024)",
prot_bert,P78545,ok,371,1024,"(371, 1024)",
prot_bert,P79483,ok,266,1024,"(266, 1024)",
prot_bert,P80192,ok,1104,1024,"(1104, 1024)",
prot_bert,P80370,ok,383,1024,"(383, 1024)",
prot_bert,P83916,ok,185,1024,"(185, 1024)",
prot_bert,P84022,ok,425,1024,"(425, 1024)",
prot_bert,P84077,ok,181,1024,"(181, 1024)",
prot_bert,P90489,ok,256,1024,"(256, 1024)",
prot_bert,P90495,ok,333,1024,"(333, 1024)",
prot_bert,P98155,ok,873,1024,"(873, 1024)",
prot_bert,P98161,ok,4303,1024,"(4303, 1024)",
prot_bert,P98170,ok,497,1024,"(497, 1024)",
prot_bert,P98174,ok,961,1024,"(961, 1024)",
prot_bert,P98177,ok,505,1024,"(505, 1024)",
prot_bert,Q00059,ok,246,1024,"(246, 1024)",
prot_bert,Q00613,ok,529,1024,"(529, 1024)",
prot_bert,Q00653,ok,900,1024,"(900, 1024)",
prot_bert,Q00688,ok,224,1024,"(224, 1024)",
prot_bert,Q00987,ok,491,1024,"(491, 1024)",
prot_bert,Q01094,ok,437,1024,"(437, 1024)",
prot_bert,Q01151,ok,205,1024,"(205, 1024)",
prot_bert,Q01167,ok,660,1024,"(660, 1024)",
prot_bert,Q01196,ok,453,1024,"(453, 1024)",
prot_bert,Q01628,ok,133,1024,"(133, 1024)",
prot_bert,Q01638,ok,556,1024,"(556, 1024)",
prot_bert,Q01664,ok,338,1024,"(338, 1024)",
prot_bert,Q01804,ok,1114,1024,"(1114, 1024)",
prot_bert,Q01813,ok,784,1024,"(784, 1024)",
prot_bert,Q01826,ok,763,1024,"(763, 1024)",
prot_bert,Q01831,ok,940,1024,"(940, 1024)",
prot_bert,Q01844,ok,656,1024,"(656, 1024)",
prot_bert,Q01860,ok,360,1024,"(360, 1024)",
prot_bert,Q01959,ok,620,1024,"(620, 1024)",
prot_bert,Q02156,ok,737,1024,"(737, 1024)",
prot_bert,Q02218,ok,1023,1024,"(1023, 1024)",
prot_bert,Q02241,ok,960,1024,"(960, 1024)",
prot_bert,Q02246,ok,1040,1024,"(1040, 1024)",
prot_bert,Q02363,ok,134,1024,"(134, 1024)",
prot_bert,Q02535,ok,119,1024,"(119, 1024)",
prot_bert,Q02539,ok,215,1024,"(215, 1024)",
prot_bert,Q02556,ok,426,1024,"(426, 1024)",
prot_bert,Q02763,ok,1124,1024,"(1124, 1024)",
prot_bert,Q02779,ok,954,1024,"(954, 1024)",
prot_bert,Q02790,ok,459,1024,"(459, 1024)",
prot_bert,Q03060,ok,345,1024,"(345, 1024)",
prot_bert,Q03135,ok,178,1024,"(178, 1024)",
prot_bert,Q03164,ok,3969,1024,"(3969, 1024)",
prot_bert,Q03188,ok,943,1024,"(943, 1024)",
prot_bert,Q03431,ok,593,1024,"(593, 1024)",
prot_bert,Q03468,ok,1493,1024,"(1493, 1024)",
prot_bert,Q03518,ok,748,1024,"(748, 1024)",
prot_bert,Q04206,ok,551,1024,"(551, 1024)",
prot_bert,Q04721,ok,2471,1024,"(2471, 1024)",
prot_bert,Q04724,ok,770,1024,"(770, 1024)",
prot_bert,Q04725,ok,743,1024,"(743, 1024)",
prot_bert,Q04726,ok,772,1024,"(772, 1024)",
prot_bert,Q04727,ok,773,1024,"(773, 1024)",
prot_bert,Q04771,ok,509,1024,"(509, 1024)",
prot_bert,Q04912,ok,1400,1024,"(1400, 1024)",
prot_bert,Q05086,ok,875,1024,"(875, 1024)",
prot_bert,Q05195,ok,221,1024,"(221, 1024)",
prot_bert,Q05513,ok,592,1024,"(592, 1024)",
prot_bert,Q05516,ok,673,1024,"(673, 1024)",
prot_bert,Q05586,ok,938,1024,"(938, 1024)",
prot_bert,Q05CD9,ok,481,1024,"(481, 1024)",
prot_bert,Q06124,ok,593,1024,"(593, 1024)",
prot_bert,Q06187,ok,659,1024,"(659, 1024)",
prot_bert,Q06587,ok,406,1024,"(406, 1024)",
prot_bert,Q06609,ok,339,1024,"(339, 1024)",
prot_bert,Q06830,ok,199,1024,"(199, 1024)",
prot_bert,Q07812,ok,192,1024,"(192, 1024)",
prot_bert,Q07817,ok,233,1024,"(233, 1024)",
prot_bert,Q07820,ok,350,1024,"(350, 1024)",
prot_bert,Q07869,ok,468,1024,"(468, 1024)",
prot_bert,Q07912,ok,1038,1024,"(1038, 1024)",
prot_bert,Q08050,ok,763,1024,"(763, 1024)",
prot_bert,Q08117,ok,197,1024,"(197, 1024)",
prot_bert,Q08380,ok,585,1024,"(585, 1024)",
prot_bert,Q08499,ok,809,1024,"(809, 1024)",
prot_bert,Q08881,ok,620,1024,"(620, 1024)",
prot_bert,Q08999,ok,1139,1024,"(1139, 1024)",
prot_bert,Q08AJ9,ok,130,1024,"(130, 1024)",
prot_bert,Q09472,ok,2414,1024,"(2414, 1024)",
prot_bert,Q09666,ok,5890,1024,"(5890, 1024)",
prot_bert,Q0WX57,ok,530,1024,"(530, 1024)",
prot_bert,Q10589,ok,180,1024,"(180, 1024)",
prot_bert,Q12770,ok,1279,1024,"(1279, 1024)",
prot_bert,Q12772,ok,1141,1024,"(1141, 1024)",
prot_bert,Q12778,ok,655,1024,"(655, 1024)",
prot_bert,Q12809,ok,1159,1024,"(1159, 1024)",
prot_bert,Q12824,ok,385,1024,"(385, 1024)",
prot_bert,Q12834,ok,499,1024,"(499, 1024)",
prot_bert,Q12852,ok,859,1024,"(859, 1024)",
prot_bert,Q12888,ok,1972,1024,"(1972, 1024)",
prot_bert,Q12899,ok,539,1024,"(539, 1024)",
prot_bert,Q12906,ok,894,1024,"(894, 1024)",
prot_bert,Q12913,ok,1337,1024,"(1337, 1024)",
prot_bert,Q12929,ok,822,1024,"(822, 1024)",
prot_bert,Q12933,ok,501,1024,"(501, 1024)",
prot_bert,Q12959,ok,904,1024,"(904, 1024)",
prot_bert,Q12981,ok,228,1024,"(228, 1024)",
prot_bert,Q13002,ok,908,1024,"(908, 1024)",
prot_bert,Q13009,ok,1591,1024,"(1591, 1024)",
prot_bert,Q13042,ok,620,1024,"(620, 1024)",
prot_bert,Q13043,ok,487,1024,"(487, 1024)",
prot_bert,Q13049,ok,653,1024,"(653, 1024)",
prot_bert,Q13064,ok,507,1024,"(507, 1024)",
prot_bert,Q13077,ok,416,1024,"(416, 1024)",
prot_bert,Q13085,ok,2346,1024,"(2346, 1024)",
prot_bert,Q13105,ok,803,1024,"(803, 1024)",
prot_bert,Q13107,ok,963,1024,"(963, 1024)",
prot_bert,Q13114,ok,568,1024,"(568, 1024)",
prot_bert,Q13115,ok,394,1024,"(394, 1024)",
prot_bert,Q13118,ok,480,1024,"(480, 1024)",
prot_bert,Q13123,ok,557,1024,"(557, 1024)",
prot_bert,Q13127,ok,1097,1024,"(1097, 1024)",
prot_bert,Q13131,ok,559,1024,"(559, 1024)",
prot_bert,Q13133,ok,447,1024,"(447, 1024)",
prot_bert,Q13137,ok,446,1024,"(446, 1024)",
prot_bert,Q13148,ok,414,1024,"(414, 1024)",
prot_bert,Q13155,ok,320,1024,"(320, 1024)",
prot_bert,Q13158,ok,208,1024,"(208, 1024)",
prot_bert,Q13191,ok,982,1024,"(982, 1024)",
prot_bert,Q13216,ok,396,1024,"(396, 1024)",
prot_bert,Q13233,ok,1512,1024,"(1512, 1024)",
prot_bert,Q13257,ok,205,1024,"(205, 1024)",
prot_bert,Q13263,ok,835,1024,"(835, 1024)",
prot_bert,Q13291,ok,335,1024,"(335, 1024)",
prot_bert,Q13309,ok,424,1024,"(424, 1024)",
prot_bert,Q13323,ok,160,1024,"(160, 1024)",
prot_bert,Q13330,ok,715,1024,"(715, 1024)",
prot_bert,Q13352,ok,177,1024,"(177, 1024)",
prot_bert,Q13356,ok,520,1024,"(520, 1024)",
prot_bert,Q13363,ok,440,1024,"(440, 1024)",
prot_bert,Q13404,ok,147,1024,"(147, 1024)",
prot_bert,Q13415,ok,861,1024,"(861, 1024)",
prot_bert,Q13422,ok,519,1024,"(519, 1024)",
prot_bert,Q13451,ok,457,1024,"(457, 1024)",
prot_bert,Q13467,ok,585,1024,"(585, 1024)",
prot_bert,Q13469,ok,925,1024,"(925, 1024)",
prot_bert,Q13485,ok,552,1024,"(552, 1024)",
prot_bert,Q13489,ok,604,1024,"(604, 1024)",
prot_bert,Q13490,ok,618,1024,"(618, 1024)",
prot_bert,Q13492,ok,652,1024,"(652, 1024)",
prot_bert,Q13501,ok,440,1024,"(440, 1024)",
prot_bert,Q13535,ok,2644,1024,"(2644, 1024)",
prot_bert,Q13541,ok,118,1024,"(118, 1024)",
prot_bert,Q13546,ok,671,1024,"(671, 1024)",
prot_bert,Q13547,ok,482,1024,"(482, 1024)",
prot_bert,Q13563,ok,968,1024,"(968, 1024)",
prot_bert,Q13564,ok,534,1024,"(534, 1024)",
prot_bert,Q13568,ok,498,1024,"(498, 1024)",
prot_bert,Q13569,ok,410,1024,"(410, 1024)",
prot_bert,Q13571,ok,262,1024,"(262, 1024)",
prot_bert,Q13601,ok,381,1024,"(381, 1024)",
prot_bert,Q13619,ok,759,1024,"(759, 1024)",
prot_bert,Q13625,ok,1128,1024,"(1128, 1024)",
prot_bert,Q13627,ok,763,1024,"(763, 1024)",
prot_bert,Q13635,ok,1447,1024,"(1447, 1024)",
prot_bert,Q13651,ok,578,1024,"(578, 1024)",
prot_bert,Q13702,ok,412,1024,"(412, 1024)",
prot_bert,Q13740,ok,583,1024,"(583, 1024)",
prot_bert,Q13761,ok,415,1024,"(415, 1024)",
prot_bert,Q13794,ok,54,1024,"(54, 1024)",
prot_bert,Q13829,ok,316,1024,"(316, 1024)",
prot_bert,Q13873,ok,1038,1024,"(1038, 1024)",
prot_bert,Q13887,ok,457,1024,"(457, 1024)",
prot_bert,Q13950,ok,521,1024,"(521, 1024)",
prot_bert,Q14012,ok,370,1024,"(370, 1024)",
prot_bert,Q14103,ok,355,1024,"(355, 1024)",
prot_bert,Q14114,ok,963,1024,"(963, 1024)",
prot_bert,Q14135,ok,290,1024,"(290, 1024)",
prot_bert,Q14139,ok,1066,1024,"(1066, 1024)",
prot_bert,Q14145,ok,624,1024,"(624, 1024)",
prot_bert,Q14149,ok,939,1024,"(939, 1024)",
prot_bert,Q14155,ok,803,1024,"(803, 1024)",
prot_bert,Q14160,ok,1655,1024,"(1655, 1024)",
prot_bert,Q14164,ok,716,1024,"(716, 1024)",
prot_bert,Q14190,ok,667,1024,"(667, 1024)",
prot_bert,Q14191,ok,1432,1024,"(1432, 1024)",
prot_bert,Q14192,ok,279,1024,"(279, 1024)",
prot_bert,Q14203,ok,1278,1024,"(1278, 1024)",
prot_bert,Q14247,ok,550,1024,"(550, 1024)",
prot_bert,Q14258,ok,630,1024,"(630, 1024)",
prot_bert,Q14315,ok,2725,1024,"(2725, 1024)",
prot_bert,Q14324,ok,1141,1024,"(1141, 1024)",
prot_bert,Q14444,ok,709,1024,"(709, 1024)",
prot_bert,Q14457,ok,450,1024,"(450, 1024)",
prot_bert,Q14469,ok,280,1024,"(280, 1024)",
prot_bert,Q14494,ok,772,1024,"(772, 1024)",
prot_bert,Q14498,ok,530,1024,"(530, 1024)",
prot_bert,Q14511,ok,834,1024,"(834, 1024)",
prot_bert,Q14524,ok,2016,1024,"(2016, 1024)",
prot_bert,Q14527,ok,1009,1024,"(1009, 1024)",
prot_bert,Q14534,ok,574,1024,"(574, 1024)",
prot_bert,Q14558,ok,356,1024,"(356, 1024)",
prot_bert,Q14573,ok,2671,1024,"(2671, 1024)",
prot_bert,Q14643,ok,2758,1024,"(2758, 1024)",
prot_bert,Q14653,ok,427,1024,"(427, 1024)",
prot_bert,Q14669,ok,1992,1024,"(1992, 1024)",
prot_bert,Q14678,ok,1352,1024,"(1352, 1024)",
prot_bert,Q14694,ok,798,1024,"(798, 1024)",
prot_bert,Q14790,ok,479,1024,"(479, 1024)",
prot_bert,Q14807,ok,665,1024,"(665, 1024)",
prot_bert,Q14896,ok,1274,1024,"(1274, 1024)",
prot_bert,Q14980,ok,2115,1024,"(2115, 1024)",
prot_bert,Q149N8,ok,1683,1024,"(1683, 1024)",
prot_bert,Q15004,ok,111,1024,"(111, 1024)",
prot_bert,Q15011,ok,391,1024,"(391, 1024)",
prot_bert,Q15012,ok,233,1024,"(233, 1024)",
prot_bert,Q15018,ok,415,1024,"(415, 1024)",
prot_bert,Q15020,ok,963,1024,"(963, 1024)",
prot_bert,Q15022,ok,739,1024,"(739, 1024)",
prot_bert,Q15040,ok,202,1024,"(202, 1024)",
prot_bert,Q15051,ok,598,1024,"(598, 1024)",
prot_bert,Q15059,ok,726,1024,"(726, 1024)",
prot_bert,Q15154,ok,2024,1024,"(2024, 1024)",
prot_bert,Q15173,ok,497,1024,"(497, 1024)",
prot_bert,Q15233,ok,471,1024,"(471, 1024)",
prot_bert,Q15257,ok,358,1024,"(358, 1024)",
prot_bert,Q15287,ok,305,1024,"(305, 1024)",
prot_bert,Q15303,ok,1308,1024,"(1308, 1024)",
prot_bert,Q15306,ok,451,1024,"(451, 1024)",
prot_bert,Q15311,ok,655,1024,"(655, 1024)",
prot_bert,Q15334,ok,1064,1024,"(1064, 1024)",
prot_bert,Q15361,ok,905,1024,"(905, 1024)",
prot_bert,Q15382,ok,184,1024,"(184, 1024)",
prot_bert,Q15386,ok,1083,1024,"(1083, 1024)",
prot_bert,Q15388,ok,145,1024,"(145, 1024)",
prot_bert,Q15398,ok,846,1024,"(846, 1024)",
prot_bert,Q15465,ok,462,1024,"(462, 1024)",
prot_bert,Q15466,ok,257,1024,"(257, 1024)",
prot_bert,Q15468,ok,1287,1024,"(1287, 1024)",
prot_bert,Q15554,ok,542,1024,"(542, 1024)",
prot_bert,Q15555,ok,327,1024,"(327, 1024)",
prot_bert,Q15561,ok,434,1024,"(434, 1024)",
prot_bert,Q15583,ok,401,1024,"(401, 1024)",
prot_bert,Q15642,ok,601,1024,"(601, 1024)",
prot_bert,Q15653,ok,356,1024,"(356, 1024)",
prot_bert,Q15672,ok,202,1024,"(202, 1024)",
prot_bert,Q15678,ok,1187,1024,"(1187, 1024)",
prot_bert,Q15717,ok,326,1024,"(326, 1024)",
prot_bert,Q15726,ok,138,1024,"(138, 1024)",
prot_bert,Q15742,ok,525,1024,"(525, 1024)",
prot_bert,Q15750,ok,504,1024,"(504, 1024)",
prot_bert,Q15751,ok,4861,1024,"(4861, 1024)",
prot_bert,Q15759,ok,364,1024,"(364, 1024)",
prot_bert,Q15773,ok,248,1024,"(248, 1024)",
prot_bert,Q15784,ok,382,1024,"(382, 1024)",
prot_bert,Q15796,ok,467,1024,"(467, 1024)",
prot_bert,Q15797,ok,465,1024,"(465, 1024)",
prot_bert,Q15811,ok,1721,1024,"(1721, 1024)",
prot_bert,Q15831,ok,433,1024,"(433, 1024)",
prot_bert,Q15836,ok,100,1024,"(100, 1024)",
prot_bert,Q15849,ok,920,1024,"(920, 1024)",
prot_bert,Q15858,ok,1988,1024,"(1988, 1024)",
prot_bert,Q15910,ok,746,1024,"(746, 1024)",
prot_bert,Q15911,ok,3703,1024,"(3703, 1024)",
prot_bert,Q16186,ok,407,1024,"(407, 1024)",
prot_bert,Q16204,ok,474,1024,"(474, 1024)",
prot_bert,Q16236,ok,605,1024,"(605, 1024)",
prot_bert,Q16342,ok,344,1024,"(344, 1024)",
prot_bert,Q16526,ok,586,1024,"(586, 1024)",
prot_bert,Q16531,ok,1140,1024,"(1140, 1024)",
prot_bert,Q16537,ok,467,1024,"(467, 1024)",
prot_bert,Q16558,ok,191,1024,"(191, 1024)",
prot_bert,Q16584,ok,847,1024,"(847, 1024)",
prot_bert,Q16589,ok,344,1024,"(344, 1024)",
prot_bert,Q16611,ok,211,1024,"(211, 1024)",
prot_bert,Q16620,ok,822,1024,"(822, 1024)",
prot_bert,Q16621,ok,373,1024,"(373, 1024)",
prot_bert,Q16623,ok,288,1024,"(288, 1024)",
prot_bert,Q16625,ok,522,1024,"(522, 1024)",
prot_bert,Q16630,ok,551,1024,"(551, 1024)",
prot_bert,Q16633,ok,256,1024,"(256, 1024)",
prot_bert,Q16635,ok,262,1024,"(262, 1024)",
prot_bert,Q16637,ok,294,1024,"(294, 1024)",
prot_bert,Q16655,ok,118,1024,"(118, 1024)",
prot_bert,Q16656,ok,503,1024,"(503, 1024)",
prot_bert,Q16659,ok,721,1024,"(721, 1024)",
prot_bert,Q16665,ok,826,1024,"(826, 1024)",
prot_bert,Q16666,ok,785,1024,"(785, 1024)",
prot_bert,Q16695,ok,136,1024,"(136, 1024)",
prot_bert,Q16777,ok,129,1024,"(129, 1024)",
prot_bert,Q16778,ok,126,1024,"(126, 1024)",
prot_bert,Q16828,ok,381,1024,"(381, 1024)",
prot_bert,Q16829,ok,419,1024,"(419, 1024)",
prot_bert,Q16875,ok,520,1024,"(520, 1024)",
prot_bert,Q17RS7,ok,908,1024,"(908, 1024)",
prot_bert,Q27J81,ok,1249,1024,"(1249, 1024)",
prot_bert,Q29974,ok,266,1024,"(266, 1024)",
prot_bert,Q2F514,ok,154,1024,"(154, 1024)",
prot_bert,Q2KJY2,ok,2108,1024,"(2108, 1024)",
prot_bert,Q2PQ59,ok,1455,1024,"(1455, 1024)",
prot_bert,Q2Q1W2,ok,868,1024,"(868, 1024)",
prot_bert,Q2YD98,ok,709,1024,"(709, 1024)",
prot_bert,Q30134,ok,266,1024,"(266, 1024)",
prot_bert,Q30154,ok,266,1024,"(266, 1024)",
prot_bert,Q30167,ok,266,1024,"(266, 1024)",
prot_bert,Q3T906,ok,1256,1024,"(1256, 1024)",
prot_bert,Q49A26,ok,553,1024,"(553, 1024)",
prot_bert,Q49AN0,ok,593,1024,"(593, 1024)",
prot_bert,Q4G0A6,ok,757,1024,"(757, 1024)",
prot_bert,Q4U2R8,ok,563,1024,"(563, 1024)",
prot_bert,Q4VCS5,ok,1084,1024,"(1084, 1024)",
prot_bert,Q504Q3,ok,1202,1024,"(1202, 1024)",
prot_bert,Q53EL6,ok,469,1024,"(469, 1024)",
prot_bert,Q53ET0,ok,693,1024,"(693, 1024)",
prot_bert,Q53EZ4,ok,464,1024,"(464, 1024)",
prot_bert,Q53G59,ok,568,1024,"(568, 1024)",
prot_bert,Q53GS9,ok,565,1024,"(565, 1024)",
prot_bert,Q53GT1,ok,634,1024,"(634, 1024)",
prot_bert,Q569H4,ok,304,1024,"(304, 1024)",
prot_bert,Q56A73,ok,249,1024,"(249, 1024)",
prot_bert,Q5BJF6,ok,829,1024,"(829, 1024)",
prot_bert,Q5D1E8,ok,599,1024,"(599, 1024)",
prot_bert,Q5FBB7,ok,561,1024,"(561, 1024)",
prot_bert,Q5GLZ8,ok,1057,1024,"(1057, 1024)",
prot_bert,Q5JSP0,ok,725,1024,"(725, 1024)",
prot_bert,Q5MJ70,ok,313,1024,"(313, 1024)",
prot_bert,Q5S007,ok,2527,1024,"(2527, 1024)",
prot_bert,Q5T0T0,ok,291,1024,"(291, 1024)",
prot_bert,Q5T2D3,ok,398,1024,"(398, 1024)",
prot_bert,Q5T447,ok,861,1024,"(861, 1024)",
prot_bert,Q5T4S7,ok,5183,1024,"(5183, 1024)",
prot_bert,Q5T5C0,ok,1151,1024,"(1151, 1024)",
prot_bert,Q5T5X7,ok,828,1024,"(828, 1024)",
prot_bert,Q5T6F0,ok,453,1024,"(453, 1024)",
prot_bert,Q5T7V8,ok,369,1024,"(369, 1024)",
prot_bert,Q5T9L3,ok,541,1024,"(541, 1024)",
prot_bert,Q5TA31,ok,235,1024,"(235, 1024)",
prot_bert,Q5TAQ9,ok,597,1024,"(597, 1024)",
prot_bert,Q5TC82,ok,1133,1024,"(1133, 1024)",
prot_bert,Q5U5Q3,ok,659,1024,"(659, 1024)",
prot_bert,Q5U5R9,ok,776,1024,"(776, 1024)",
prot_bert,Q5UEC6,ok,20,1024,"(20, 1024)",
prot_bert,Q5VSY0,ok,366,1024,"(366, 1024)",
prot_bert,Q5VTB9,ok,566,1024,"(566, 1024)",
prot_bert,Q5VTR2,ok,975,1024,"(975, 1024)",
prot_bert,Q5VU92,ok,463,1024,"(463, 1024)",
prot_bert,Q5VV17,ok,481,1024,"(481, 1024)",
prot_bert,Q5VVJ2,ok,828,1024,"(828, 1024)",
prot_bert,Q5VVQ6,ok,348,1024,"(348, 1024)",
prot_bert,Q5XPI4,ok,1314,1024,"(1314, 1024)",
prot_bert,Q5XUX0,ok,539,1024,"(539, 1024)",
prot_bert,Q5XX13,ok,1052,1024,"(1052, 1024)",
prot_bert,Q5Y7A7,ok,266,1024,"(266, 1024)",
prot_bert,Q63HN8,ok,5207,1024,"(5207, 1024)",
prot_bert,Q66K64,ok,600,1024,"(600, 1024)",
prot_bert,Q66K74,ok,1059,1024,"(1059, 1024)",
prot_bert,Q66K89,ok,784,1024,"(784, 1024)",
prot_bert,Q676U5,ok,607,1024,"(607, 1024)",
prot_bert,Q68DV7,ok,783,1024,"(783, 1024)",
prot_bert,Q693B1,ok,232,1024,"(232, 1024)",
prot_bert,Q6BAA4,ok,426,1024,"(426, 1024)",
prot_bert,Q6FHJ7,ok,346,1024,"(346, 1024)",
prot_bert,Q6FI13,ok,130,1024,"(130, 1024)",
prot_bert,Q6GPH4,ok,301,1024,"(301, 1024)",
prot_bert,Q6GQQ9,ok,843,1024,"(843, 1024)",
prot_bert,Q6IE81,ok,842,1024,"(842, 1024)",
prot_bert,Q6IQ49,ok,451,1024,"(451, 1024)",
prot_bert,Q6JEL2,ok,608,1024,"(608, 1024)",
prot_bert,Q6MZQ0,ok,368,1024,"(368, 1024)",
prot_bert,Q6N021,ok,2002,1024,"(2002, 1024)",
prot_bert,Q6NUN9,ok,644,1024,"(644, 1024)",
prot_bert,Q6P050,ok,247,1024,"(247, 1024)",
prot_bert,Q6P3S6,ok,717,1024,"(717, 1024)",
prot_bert,Q6P468,ok,918,1024,"(918, 1024)",
prot_bert,Q6P4R8,ok,1299,1024,"(1299, 1024)",
prot_bert,Q6PCD5,ok,774,1024,"(774, 1024)",
prot_bert,Q6PCT2,ok,694,1024,"(694, 1024)",
prot_bert,Q6PGQ7,ok,559,1024,"(559, 1024)",
prot_bert,Q6PJ21,ok,355,1024,"(355, 1024)",
prot_bert,Q6PJ69,ok,517,1024,"(517, 1024)",
prot_bert,Q6PJG6,ok,821,1024,"(821, 1024)",
prot_bert,Q6PJQ5,ok,311,1024,"(311, 1024)",
prot_bert,Q6Q0C0,ok,670,1024,"(670, 1024)",
prot_bert,Q6R327,ok,1708,1024,"(1708, 1024)",
prot_bert,Q6R6M4,ok,530,1024,"(530, 1024)",
prot_bert,Q6TDP4,ok,642,1024,"(642, 1024)",
prot_bert,Q6UUV7,ok,619,1024,"(619, 1024)",
prot_bert,Q6UUV9,ok,634,1024,"(634, 1024)",
prot_bert,Q6UVJ0,ok,657,1024,"(657, 1024)",
prot_bert,Q6UWE0,ok,723,1024,"(723, 1024)",
prot_bert,Q6VVB1,ok,395,1024,"(395, 1024)",
prot_bert,Q6X9E4,ok,464,1024,"(464, 1024)",
prot_bert,Q6ZMZ0,ok,732,1024,"(732, 1024)",
prot_bert,Q6ZN04,ok,569,1024,"(569, 1024)",
prot_bert,Q6ZN17,ok,250,1024,"(250, 1024)",
prot_bert,Q6ZNA4,ok,994,1024,"(994, 1024)",
prot_bert,Q6ZTN6,ok,605,1024,"(605, 1024)",
prot_bert,Q6ZVD8,ok,1323,1024,"(1323, 1024)",
prot_bert,Q6ZVM7,ok,507,1024,"(507, 1024)",
prot_bert,Q6ZW49,ok,1069,1024,"(1069, 1024)",
prot_bert,Q6ZWH5,ok,1172,1024,"(1172, 1024)",
prot_bert,Q70CQ1,ok,688,1024,"(688, 1024)",
prot_bert,Q70CQ2,ok,3546,1024,"(3546, 1024)",
prot_bert,Q70CQ3,ok,517,1024,"(517, 1024)",
prot_bert,Q70EK8,ok,1073,1024,"(1073, 1024)",
prot_bert,Q70EK9,ok,711,1024,"(711, 1024)",
prot_bert,Q70EL2,ok,814,1024,"(814, 1024)",
prot_bert,Q70EL3,ok,339,1024,"(339, 1024)",
prot_bert,Q70EL4,ok,1123,1024,"(1123, 1024)",
prot_bert,Q70SY1,ok,520,1024,"(520, 1024)",
prot_bert,Q71DI3,ok,136,1024,"(136, 1024)",
prot_bert,Q71F56,ok,2210,1024,"(2210, 1024)",
prot_bert,Q75N03,ok,491,1024,"(491, 1024)",
prot_bert,Q76N32,ok,757,1024,"(757, 1024)",
prot_bert,Q76N89,ok,1606,1024,"(1606, 1024)",
prot_bert,Q7KZI7,ok,788,1024,"(788, 1024)",
prot_bert,Q7L523,ok,313,1024,"(313, 1024)",
prot_bert,Q7L590,ok,875,1024,"(875, 1024)",
prot_bert,Q7L5Y6,ok,550,1024,"(550, 1024)",
prot_bert,Q7L7L0,ok,130,1024,"(130, 1024)",
prot_bert,Q7L8J4,ok,393,1024,"(393, 1024)",
prot_bert,Q7L8S5,ok,288,1024,"(288, 1024)",
prot_bert,Q7LBR1,ok,199,1024,"(199, 1024)",
prot_bert,Q7LG56,ok,351,1024,"(351, 1024)",
prot_bert,Q7Z2W7,ok,1104,1024,"(1104, 1024)",
prot_bert,Q7Z419,ok,303,1024,"(303, 1024)",
prot_bert,Q7Z434,ok,540,1024,"(540, 1024)",
prot_bert,Q7Z4K8,ok,759,1024,"(759, 1024)",
prot_bert,Q7Z4L4,ok,538,1024,"(538, 1024)",
prot_bert,Q7Z569,ok,592,1024,"(592, 1024)",
prot_bert,Q7Z698,ok,418,1024,"(418, 1024)",
prot_bert,Q7Z6E9,ok,1792,1024,"(1792, 1024)",
prot_bert,Q7Z6J0,ok,888,1024,"(888, 1024)",
prot_bert,Q7Z6M2,ok,555,1024,"(555, 1024)",
prot_bert,Q7Z6Z7,ok,4374,1024,"(4374, 1024)",
prot_bert,Q7Z7B0,ok,1213,1024,"(1213, 1024)",
prot_bert,Q7Z7J5,ok,298,1024,"(298, 1024)",
prot_bert,Q86T82,ok,979,1024,"(979, 1024)",
prot_bert,Q86T96,ok,592,1024,"(592, 1024)",
prot_bert,Q86TM6,ok,617,1024,"(617, 1024)",
prot_bert,Q86U70,ok,411,1024,"(411, 1024)",
prot_bert,Q86UV5,ok,1035,1024,"(1035, 1024)",
prot_bert,Q86UW9,ok,622,1024,"(622, 1024)",
prot_bert,Q86VP3,ok,889,1024,"(889, 1024)",
prot_bert,Q86WB0,ok,502,1024,"(502, 1024)",
prot_bert,Q86WC4,ok,334,1024,"(334, 1024)",
prot_bert,Q86WG3,ok,371,1024,"(371, 1024)",
prot_bert,Q86WI3,ok,1866,1024,"(1866, 1024)",
prot_bert,Q86WJ1,ok,897,1024,"(897, 1024)",
prot_bert,Q86WT6,ok,500,1024,"(500, 1024)",
prot_bert,Q86WV6,ok,379,1024,"(379, 1024)",
prot_bert,Q86X55,ok,608,1024,"(608, 1024)",
prot_bert,Q86XK2,ok,927,1024,"(927, 1024)",
prot_bert,Q86XS8,ok,419,1024,"(419, 1024)",
prot_bert,Q86XT4,ok,487,1024,"(487, 1024)",
prot_bert,Q86Y01,ok,620,1024,"(620, 1024)",
prot_bert,Q86Y13,ok,1208,1024,"(1208, 1024)",
prot_bert,Q86YC2,ok,1186,1024,"(1186, 1024)",
prot_bert,Q86YJ5,ok,346,1024,"(346, 1024)",
prot_bert,Q86YR5,ok,675,1024,"(675, 1024)",
prot_bert,Q86YT6,ok,1006,1024,"(1006, 1024)",
prot_bert,Q86Z02,ok,1210,1024,"(1210, 1024)",
prot_bert,Q8IUC6,ok,712,1024,"(712, 1024)",
prot_bert,Q8IUD6,ok,432,1024,"(432, 1024)",
prot_bert,Q8IUE6,ok,130,1024,"(130, 1024)",
prot_bert,Q8IUQ4,ok,282,1024,"(282, 1024)",
prot_bert,Q8IUX4,ok,373,1024,"(373, 1024)",
prot_bert,Q8IVP5,ok,155,1024,"(155, 1024)",
prot_bert,Q8IVT5,ok,923,1024,"(923, 1024)",
prot_bert,Q8IW35,ok,865,1024,"(865, 1024)",
prot_bert,Q8IWA4,ok,741,1024,"(741, 1024)",
prot_bert,Q8IWR1,ok,403,1024,"(403, 1024)",
prot_bert,Q8IWV7,ok,1749,1024,"(1749, 1024)",
prot_bert,Q8IWV8,ok,1755,1024,"(1755, 1024)",
prot_bert,Q8IWX7,ok,931,1024,"(931, 1024)",
prot_bert,Q8IX12,ok,1150,1024,"(1150, 1024)",
prot_bert,Q8IXH7,ok,590,1024,"(590, 1024)",
prot_bert,Q8IXI1,ok,618,1024,"(618, 1024)",
prot_bert,Q8IXI2,ok,618,1024,"(618, 1024)",
prot_bert,Q8IXJ9,ok,1541,1024,"(1541, 1024)",
prot_bert,Q8IXQ5,ok,586,1024,"(586, 1024)",
prot_bert,Q8IYD8,ok,2048,1024,"(2048, 1024)",
prot_bert,Q8IYM9,ok,498,1024,"(498, 1024)",
prot_bert,Q8IYU2,ok,909,1024,"(909, 1024)",
prot_bert,Q8IYW5,ok,571,1024,"(571, 1024)",
prot_bert,Q8IZ07,ok,590,1024,"(590, 1024)",
prot_bert,Q8IZG5,ok,39,1024,"(39, 1024)",
prot_bert,Q8IZP1,ok,549,1024,"(549, 1024)",
prot_bert,Q8IZQ8,ok,938,1024,"(938, 1024)",
prot_bert,Q8N0X7,ok,666,1024,"(666, 1024)",
prot_bert,Q8N122,ok,1335,1024,"(1335, 1024)",
prot_bert,Q8N1E6,ok,418,1024,"(418, 1024)",
prot_bert,Q8N2H9,ok,469,1024,"(469, 1024)",
prot_bert,Q8N2W9,ok,510,1024,"(510, 1024)",
prot_bert,Q8N3Y1,ok,598,1024,"(598, 1024)",
prot_bert,Q8N448,ok,690,1024,"(690, 1024)",
prot_bert,Q8N488,ok,228,1024,"(228, 1024)",
prot_bert,Q8N4S9,ok,558,1024,"(558, 1024)",
prot_bert,Q8N519,ok,465,1024,"(465, 1024)",
prot_bert,Q8N531,ok,539,1024,"(539, 1024)",
prot_bert,Q8N5C8,ok,712,1024,"(712, 1024)",
prot_bert,Q8N5J2,ok,469,1024,"(469, 1024)",
prot_bert,Q8N5Z5,ok,314,1024,"(314, 1024)",
prot_bert,Q8N668,ok,190,1024,"(190, 1024)",
prot_bert,Q8N6D2,ok,247,1024,"(247, 1024)",
prot_bert,Q8N6M0,ok,293,1024,"(293, 1024)",
prot_bert,Q8N6P7,ok,574,1024,"(574, 1024)",
prot_bert,Q8N6T3,ok,406,1024,"(406, 1024)",
prot_bert,Q8N6T7,ok,355,1024,"(355, 1024)",
prot_bert,Q8N726,ok,132,1024,"(132, 1024)",
prot_bert,Q8N806,ok,425,1024,"(425, 1024)",
prot_bert,Q8N884,ok,522,1024,"(522, 1024)",
prot_bert,Q8N8N0,ok,203,1024,"(203, 1024)",
prot_bert,Q8N8V4,ok,417,1024,"(417, 1024)",
prot_bert,Q8N907,ok,189,1024,"(189, 1024)",
prot_bert,Q8N9B5,ok,988,1024,"(988, 1024)",
prot_bert,Q8N9I9,ok,347,1024,"(347, 1024)",
prot_bert,Q8NAP3,ok,1195,1024,"(1195, 1024)",
prot_bert,Q8NB14,ok,1042,1024,"(1042, 1024)",
prot_bert,Q8NBJ4,ok,401,1024,"(401, 1024)",
prot_bert,Q8NBP7,ok,692,1024,"(692, 1024)",
prot_bert,Q8NC42,ok,400,1024,"(400, 1024)",
prot_bert,Q8NCQ5,ok,510,1024,"(510, 1024)",
prot_bert,Q8ND25,ok,227,1024,"(227, 1024)",
prot_bert,Q8NDV7,ok,1962,1024,"(1962, 1024)",
prot_bert,Q8NEA6,ok,775,1024,"(775, 1024)",
prot_bert,Q8NEB9,ok,887,1024,"(887, 1024)",
prot_bert,Q8NEG5,ok,633,1024,"(633, 1024)",
prot_bert,Q8NEM0,ok,835,1024,"(835, 1024)",
prot_bert,Q8NEZ5,ok,403,1024,"(403, 1024)",
prot_bert,Q8NF37,ok,534,1024,"(534, 1024)",
prot_bert,Q8NFD5,ok,2319,1024,"(2319, 1024)",
prot_bert,Q8NFZ0,ok,1043,1024,"(1043, 1024)",
prot_bert,Q8NFZ5,ok,429,1024,"(429, 1024)",
prot_bert,Q8NG06,ok,486,1024,"(486, 1024)",
prot_bert,Q8NG27,ok,643,1024,"(643, 1024)",
prot_bert,Q8NHG8,ok,242,1024,"(242, 1024)",
prot_bert,Q8NHL6,ok,650,1024,"(650, 1024)",
prot_bert,Q8NHM5,ok,1336,1024,"(1336, 1024)",
prot_bert,Q8NHQ1,ok,597,1024,"(597, 1024)",
prot_bert,Q8NHW3,ok,353,1024,"(353, 1024)",
prot_bert,Q8NHY2,ok,731,1024,"(731, 1024)",
prot_bert,Q8NI29,ok,283,1024,"(283, 1024)",
prot_bert,Q8TB45,ok,409,1024,"(409, 1024)",
prot_bert,Q8TB46,ok,743,1024,"(743, 1024)",
prot_bert,Q8TB52,ok,745,1024,"(745, 1024)",
prot_bert,Q8TBB1,ok,728,1024,"(728, 1024)",
prot_bert,Q8TBZ2,ok,984,1024,"(984, 1024)",
prot_bert,Q8TCC7,ok,542,1024,"(542, 1024)",
prot_bert,Q8TCG1,ok,905,1024,"(905, 1024)",
prot_bert,Q8TCJ0,ok,367,1024,"(367, 1024)",
prot_bert,Q8TCQ1,ok,289,1024,"(289, 1024)",
prot_bert,Q8TDB6,ok,740,1024,"(740, 1024)",
prot_bert,Q8TDM6,ok,1919,1024,"(1919, 1024)",
prot_bert,Q8TDR2,ok,534,1024,"(534, 1024)",
prot_bert,Q8TE67,ok,593,1024,"(593, 1024)",
prot_bert,Q8TEB1,ok,546,1024,"(546, 1024)",
prot_bert,Q8TEB7,ok,428,1024,"(428, 1024)",
prot_bert,Q8TEL6,ok,797,1024,"(797, 1024)",
prot_bert,Q8TEY7,ok,942,1024,"(942, 1024)",
prot_bert,Q8WTU0,ok,396,1024,"(396, 1024)",
prot_bert,Q8WTX7,ok,329,1024,"(329, 1024)",
prot_bert,Q8WU17,ok,664,1024,"(664, 1024)",
prot_bert,Q8WU20,ok,508,1024,"(508, 1024)",
prot_bert,Q8WUI4,ok,952,1024,"(952, 1024)",
prot_bert,Q8WUM4,ok,868,1024,"(868, 1024)",
prot_bert,Q8WV16,ok,495,1024,"(495, 1024)",
prot_bert,Q8WV44,ok,630,1024,"(630, 1024)",
prot_bert,Q8WVD3,ok,245,1024,"(245, 1024)",
prot_bert,Q8WW12,ok,178,1024,"(178, 1024)",
prot_bert,Q8WWK9,ok,683,1024,"(683, 1024)",
prot_bert,Q8WWM9,ok,190,1024,"(190, 1024)",
prot_bert,Q8WWW0,ok,418,1024,"(418, 1024)",
prot_bert,Q8WWY3,ok,499,1024,"(499, 1024)",
prot_bert,Q8WX94,ok,980,1024,"(980, 1024)",
prot_bert,Q8WXF1,ok,523,1024,"(523, 1024)",
prot_bert,Q8WXF7,ok,558,1024,"(558, 1024)",
prot_bert,Q8WXG1,ok,361,1024,"(361, 1024)",
prot_bert,Q8WXH4,ok,323,1024,"(323, 1024)",
prot_bert,Q8WXH5,ok,440,1024,"(440, 1024)",
prot_bert,Q8WY41,ok,292,1024,"(292, 1024)",
prot_bert,Q8WY64,ok,445,1024,"(445, 1024)",
prot_bert,Q8WYQ5,ok,773,1024,"(773, 1024)",
prot_bert,Q8WZ19,ok,329,1024,"(329, 1024)",
prot_bert,Q8WZ42,runtime_error,34350,,,Invalid buffer size: 70.34 GiB
prot_bert,Q8WZ60,ok,621,1024,"(621, 1024)",
prot_bert,Q8WZ73,ok,363,1024,"(363, 1024)",
prot_bert,Q8ZNR3,ok,782,1024,"(782, 1024)",
prot_bert,Q92466,ok,427,1024,"(427, 1024)",
prot_bert,Q92519,ok,343,1024,"(343, 1024)",
prot_bert,Q92538,ok,1860,1024,"(1860, 1024)",
prot_bert,Q92539,ok,896,1024,"(896, 1024)",
prot_bert,Q92542,ok,709,1024,"(709, 1024)",
prot_bert,Q92547,ok,1522,1024,"(1522, 1024)",
prot_bert,Q92560,ok,729,1024,"(729, 1024)",
prot_bert,Q92630,ok,601,1024,"(601, 1024)",
prot_bert,Q92633,ok,364,1024,"(364, 1024)",
prot_bert,Q92667,ok,903,1024,"(903, 1024)",
prot_bert,Q92674,ok,756,1024,"(756, 1024)",
prot_bert,Q92731,ok,530,1024,"(530, 1024)",
prot_bert,Q92734,ok,400,1024,"(400, 1024)",
prot_bert,Q92769,ok,488,1024,"(488, 1024)",
prot_bert,Q92783,ok,540,1024,"(540, 1024)",
prot_bert,Q92793,ok,2442,1024,"(2442, 1024)",
prot_bert,Q92813,ok,273,1024,"(273, 1024)",
prot_bert,Q92819,ok,552,1024,"(552, 1024)",
prot_bert,Q92828,ok,525,1024,"(525, 1024)",
prot_bert,Q92830,ok,837,1024,"(837, 1024)",
prot_bert,Q92831,ok,832,1024,"(832, 1024)",
prot_bert,Q92844,ok,425,1024,"(425, 1024)",
prot_bert,Q92851,ok,521,1024,"(521, 1024)",
prot_bert,Q92858,ok,354,1024,"(354, 1024)",
prot_bert,Q92905,ok,334,1024,"(334, 1024)",
prot_bert,Q92918,ok,833,1024,"(833, 1024)",
prot_bert,Q92934,ok,168,1024,"(168, 1024)",
prot_bert,Q92945,ok,711,1024,"(711, 1024)",
prot_bert,Q92985,ok,503,1024,"(503, 1024)",
prot_bert,Q92993,ok,513,1024,"(513, 1024)",
prot_bert,Q92994,ok,677,1024,"(677, 1024)",
prot_bert,Q92995,ok,863,1024,"(863, 1024)",
prot_bert,Q92997,ok,716,1024,"(716, 1024)",
prot_bert,Q93008,ok,2554,1024,"(2554, 1024)",
prot_bert,Q93009,ok,1102,1024,"(1102, 1024)",
prot_bert,Q93070,ok,314,1024,"(314, 1024)",
prot_bert,Q93077,ok,130,1024,"(130, 1024)",
prot_bert,Q95IE3,ok,266,1024,"(266, 1024)",
prot_bert,Q969F2,ok,451,1024,"(451, 1024)",
prot_bert,Q969G3,ok,411,1024,"(411, 1024)",
prot_bert,Q969H0,ok,707,1024,"(707, 1024)",
prot_bert,Q969K3,ok,372,1024,"(372, 1024)",
prot_bert,Q969P5,ok,355,1024,"(355, 1024)",
prot_bert,Q969Q1,ok,353,1024,"(353, 1024)",
prot_bert,Q969R5,ok,705,1024,"(705, 1024)",
prot_bert,Q969T9,ok,261,1024,"(261, 1024)",
prot_bert,Q969U6,ok,566,1024,"(566, 1024)",
prot_bert,Q969V5,ok,352,1024,"(352, 1024)",
prot_bert,Q96A08,ok,127,1024,"(127, 1024)",
prot_bert,Q96A32,ok,169,1024,"(169, 1024)",
prot_bert,Q96A61,ok,297,1024,"(297, 1024)",
prot_bert,Q96AE4,ok,644,1024,"(644, 1024)",
prot_bert,Q96AJ1,ok,413,1024,"(413, 1024)",
prot_bert,Q96AQ6,ok,731,1024,"(731, 1024)",
prot_bert,Q96AX9,ok,955,1024,"(955, 1024)",
prot_bert,Q96B97,ok,665,1024,"(665, 1024)",
prot_bert,Q96BA8,ok,519,1024,"(519, 1024)",
prot_bert,Q96BF3,ok,282,1024,"(282, 1024)",
prot_bert,Q96BF6,ok,587,1024,"(587, 1024)",
prot_bert,Q96BH1,ok,459,1024,"(459, 1024)",
prot_bert,Q96BI1,ok,424,1024,"(424, 1024)",
prot_bert,Q96BN8,ok,352,1024,"(352, 1024)",
prot_bert,Q96BR9,ok,441,1024,"(441, 1024)",
prot_bert,Q96BY2,ok,351,1024,"(351, 1024)",
prot_bert,Q96C12,ok,935,1024,"(935, 1024)",
prot_bert,Q96C86,ok,337,1024,"(337, 1024)",
prot_bert,Q96C92,ok,435,1024,"(435, 1024)",
prot_bert,Q96CA5,ok,298,1024,"(298, 1024)",
prot_bert,Q96CS3,ok,445,1024,"(445, 1024)",
prot_bert,Q96CV9,ok,577,1024,"(577, 1024)",
prot_bert,Q96CW5,ok,907,1024,"(907, 1024)",
prot_bert,Q96D31,ok,301,1024,"(301, 1024)",
prot_bert,Q96D59,ok,192,1024,"(192, 1024)",
prot_bert,Q96DC9,ok,234,1024,"(234, 1024)",
prot_bert,Q96DH6,ok,328,1024,"(328, 1024)",
prot_bert,Q96DT7,ok,871,1024,"(871, 1024)",
prot_bert,Q96DX5,ok,294,1024,"(294, 1024)",
prot_bert,Q96DX7,ok,344,1024,"(344, 1024)",
prot_bert,Q96EB6,ok,747,1024,"(747, 1024)",
prot_bert,Q96EP0,ok,1072,1024,"(1072, 1024)",
prot_bert,Q96EP1,ok,664,1024,"(664, 1024)",
prot_bert,Q96EQ8,ok,232,1024,"(232, 1024)",
prot_bert,Q96EV8,ok,351,1024,"(351, 1024)",
prot_bert,Q96EX2,ok,444,1024,"(444, 1024)",
prot_bert,Q96F44,ok,468,1024,"(468, 1024)",
prot_bert,Q96FA3,ok,418,1024,"(418, 1024)",
prot_bert,Q96FJ0,ok,436,1024,"(436, 1024)",
prot_bert,Q96FS4,ok,1042,1024,"(1042, 1024)",
prot_bert,Q96FV9,ok,657,1024,"(657, 1024)",
prot_bert,Q96FW1,ok,271,1024,"(271, 1024)",
prot_bert,Q96G74,ok,571,1024,"(571, 1024)",
prot_bert,Q96GD4,ok,344,1024,"(344, 1024)",
prot_bert,Q96GF1,ok,192,1024,"(192, 1024)",
prot_bert,Q96GG9,ok,259,1024,"(259, 1024)",
prot_bert,Q96GM5,ok,515,1024,"(515, 1024)",
prot_bert,Q96HE7,ok,468,1024,"(468, 1024)",
prot_bert,Q96HS1,ok,289,1024,"(289, 1024)",
prot_bert,Q96IZ0,ok,340,1024,"(340, 1024)",
prot_bert,Q96J02,ok,903,1024,"(903, 1024)",
prot_bert,Q96J92,ok,1243,1024,"(1243, 1024)",
prot_bert,Q96JA1,ok,1093,1024,"(1093, 1024)",
prot_bert,Q96JH7,ok,1222,1024,"(1222, 1024)",
prot_bert,Q96JN8,ok,1562,1024,"(1562, 1024)",
prot_bert,Q96JP5,ok,570,1024,"(570, 1024)",
prot_bert,Q96JY6,ok,352,1024,"(352, 1024)",
prot_bert,Q96K19,ok,258,1024,"(258, 1024)",
prot_bert,Q96K76,ok,1375,1024,"(1375, 1024)",
prot_bert,Q96KB5,ok,322,1024,"(322, 1024)",
prot_bert,Q96KG9,ok,808,1024,"(808, 1024)",
prot_bert,Q96KK5,ok,128,1024,"(128, 1024)",
prot_bert,Q96KS0,ok,407,1024,"(407, 1024)",
prot_bert,Q96L34,ok,752,1024,"(752, 1024)",
prot_bert,Q96LA5,ok,508,1024,"(508, 1024)",
prot_bert,Q96LD4,ok,638,1024,"(638, 1024)",
prot_bert,Q96M02,ok,699,1024,"(699, 1024)",
prot_bert,Q96M94,ok,604,1024,"(604, 1024)",
prot_bert,Q96M98,ok,296,1024,"(296, 1024)",
prot_bert,Q96ME1,ok,718,1024,"(718, 1024)",
prot_bert,Q96MM3,ok,310,1024,"(310, 1024)",
prot_bert,Q96MT1,ok,663,1024,"(663, 1024)",
prot_bert,Q96NT3,ok,240,1024,"(240, 1024)",
prot_bert,Q96P20,ok,1036,1024,"(1036, 1024)",
prot_bert,Q96PH1,ok,765,1024,"(765, 1024)",
prot_bert,Q96PM5,ok,261,1024,"(261, 1024)",
prot_bert,Q96PU4,ok,802,1024,"(802, 1024)",
prot_bert,Q96PU5,ok,975,1024,"(975, 1024)",
prot_bert,Q96Q27,ok,635,1024,"(635, 1024)",
prot_bert,Q96QB1,ok,1528,1024,"(1528, 1024)",
prot_bert,Q96QD8,ok,506,1024,"(506, 1024)",
prot_bert,Q96QK1,ok,796,1024,"(796, 1024)",
prot_bert,Q96QS3,ok,562,1024,"(562, 1024)",
prot_bert,Q96QV6,ok,131,1024,"(131, 1024)",
prot_bert,Q96RE7,ok,527,1024,"(527, 1024)",
prot_bert,Q96RJ0,ok,339,1024,"(339, 1024)",
prot_bert,Q96RK0,ok,2517,1024,"(2517, 1024)",
prot_bert,Q96RL1,ok,719,1024,"(719, 1024)",
prot_bert,Q96RN5,ok,788,1024,"(788, 1024)",
prot_bert,Q96RR4,ok,588,1024,"(588, 1024)",
prot_bert,Q96RU2,ok,1077,1024,"(1077, 1024)",
prot_bert,Q96RU7,ok,358,1024,"(358, 1024)",
prot_bert,Q96S21,ok,281,1024,"(281, 1024)",
prot_bert,Q96S59,ok,729,1024,"(729, 1024)",
prot_bert,Q96ST3,ok,1273,1024,"(1273, 1024)",
prot_bert,Q96SW2,ok,442,1024,"(442, 1024)",
prot_bert,Q96T37,ok,977,1024,"(977, 1024)",
prot_bert,Q96T88,ok,793,1024,"(793, 1024)",
prot_bert,Q99062,ok,836,1024,"(836, 1024)",
prot_bert,Q99250,ok,2005,1024,"(2005, 1024)",
prot_bert,Q99259,ok,594,1024,"(594, 1024)",
prot_bert,Q99426,ok,244,1024,"(244, 1024)",
prot_bert,Q99496,ok,336,1024,"(336, 1024)",
prot_bert,Q99497,ok,189,1024,"(189, 1024)",
prot_bert,Q99538,ok,433,1024,"(433, 1024)",
prot_bert,Q99541,ok,437,1024,"(437, 1024)",
prot_bert,Q99558,ok,947,1024,"(947, 1024)",
prot_bert,Q99574,ok,410,1024,"(410, 1024)",
prot_bert,Q99607,ok,663,1024,"(663, 1024)",
prot_bert,Q99618,ok,268,1024,"(268, 1024)",
prot_bert,Q99619,ok,263,1024,"(263, 1024)",
prot_bert,Q99648,ok,417,1024,"(417, 1024)",
prot_bert,Q99675,ok,332,1024,"(332, 1024)",
prot_bert,Q99683,ok,1374,1024,"(1374, 1024)",
prot_bert,Q99684,ok,422,1024,"(422, 1024)",
prot_bert,Q99689,ok,392,1024,"(392, 1024)",
prot_bert,Q99708,ok,897,1024,"(897, 1024)",
prot_bert,Q99714,ok,261,1024,"(261, 1024)",
prot_bert,Q99717,ok,465,1024,"(465, 1024)",
prot_bert,Q99719,ok,369,1024,"(369, 1024)",
prot_bert,Q99728,ok,777,1024,"(777, 1024)",
prot_bert,Q99741,ok,560,1024,"(560, 1024)",
prot_bert,Q99755,ok,562,1024,"(562, 1024)",
prot_bert,Q99759,ok,626,1024,"(626, 1024)",
prot_bert,Q99801,ok,234,1024,"(234, 1024)",
prot_bert,Q99814,ok,870,1024,"(870, 1024)",
prot_bert,Q99816,ok,390,1024,"(390, 1024)",
prot_bert,Q99835,ok,787,1024,"(787, 1024)",
prot_bert,Q99836,ok,296,1024,"(296, 1024)",
prot_bert,Q99848,ok,306,1024,"(306, 1024)",
prot_bert,Q99856,ok,593,1024,"(593, 1024)",
prot_bert,Q99878,ok,128,1024,"(128, 1024)",
prot_bert,Q99933,ok,345,1024,"(345, 1024)",
prot_bert,Q99942,ok,180,1024,"(180, 1024)",
prot_bert,Q99962,ok,352,1024,"(352, 1024)",
prot_bert,Q99963,ok,347,1024,"(347, 1024)",
prot_bert,Q99988,ok,308,1024,"(308, 1024)",
prot_bert,Q9BPZ3,ok,127,1024,"(127, 1024)",
prot_bert,Q9BQ15,ok,211,1024,"(211, 1024)",
prot_bert,Q9BQ95,ok,431,1024,"(431, 1024)",
prot_bert,Q9BQE4,ok,189,1024,"(189, 1024)",
prot_bert,Q9BQF6,ok,1050,1024,"(1050, 1024)",
prot_bert,Q9BQQ3,ok,440,1024,"(440, 1024)",
prot_bert,Q9BR09,ok,285,1024,"(285, 1024)",
prot_bert,Q9BRJ6,ok,194,1024,"(194, 1024)",
prot_bert,Q9BRJ7,ok,211,1024,"(211, 1024)",
prot_bert,Q9BRS2,ok,568,1024,"(568, 1024)",
prot_bert,Q9BRZ2,ok,755,1024,"(755, 1024)",
prot_bert,Q9BSA4,ok,534,1024,"(534, 1024)",
prot_bert,Q9BSI4,ok,451,1024,"(451, 1024)",
prot_bert,Q9BSL1,ok,405,1024,"(405, 1024)",
prot_bert,Q9BSM1,ok,259,1024,"(259, 1024)",
prot_bert,Q9BT67,ok,221,1024,"(221, 1024)",
prot_bert,Q9BT88,ok,431,1024,"(431, 1024)",
prot_bert,Q9BT92,ok,498,1024,"(498, 1024)",
prot_bert,Q9BTU6,ok,479,1024,"(479, 1024)",
prot_bert,Q9BUZ4,ok,470,1024,"(470, 1024)",
prot_bert,Q9BV40,ok,100,1024,"(100, 1024)",
prot_bert,Q9BV68,ok,311,1024,"(311, 1024)",
prot_bert,Q9BVC4,ok,326,1024,"(326, 1024)",
prot_bert,Q9BVG3,ok,475,1024,"(475, 1024)",
prot_bert,Q9BVN2,ok,902,1024,"(902, 1024)",
prot_bert,Q9BVP2,ok,549,1024,"(549, 1024)",
prot_bert,Q9BWF2,ok,469,1024,"(469, 1024)",
prot_bert,Q9BX63,ok,1249,1024,"(1249, 1024)",
prot_bert,Q9BXB1,ok,951,1024,"(951, 1024)",
prot_bert,Q9BXC9,ok,721,1024,"(721, 1024)",
prot_bert,Q9BXM7,ok,581,1024,"(581, 1024)",
prot_bert,Q9BXS6,ok,441,1024,"(441, 1024)",
prot_bert,Q9BXU7,ok,913,1024,"(913, 1024)",
prot_bert,Q9BXW4,ok,147,1024,"(147, 1024)",
prot_bert,Q9BXW9,ok,1451,1024,"(1451, 1024)",
prot_bert,Q9BY78,ok,433,1024,"(433, 1024)",
prot_bert,Q9BYB0,ok,1806,1024,"(1806, 1024)",
prot_bert,Q9BYF1,ok,805,1024,"(805, 1024)",
prot_bert,Q9BYM8,ok,510,1024,"(510, 1024)",
prot_bert,Q9BYP7,ok,1800,1024,"(1800, 1024)",
prot_bert,Q9BYW2,ok,2564,1024,"(2564, 1024)",
prot_bert,Q9BYX4,ok,1025,1024,"(1025, 1024)",
prot_bert,Q9BZB8,ok,566,1024,"(566, 1024)",
prot_bert,Q9BZK7,ok,514,1024,"(514, 1024)",
prot_bert,Q9BZQ4,ok,307,1024,"(307, 1024)",
prot_bert,Q9BZR9,ok,551,1024,"(551, 1024)",
prot_bert,Q9BZS1,ok,431,1024,"(431, 1024)",
prot_bert,Q9BZV1,ok,441,1024,"(441, 1024)",
prot_bert,Q9BZY9,ok,425,1024,"(425, 1024)",
prot_bert,Q9C019,ok,465,1024,"(465, 1024)",
prot_bert,Q9C026,ok,710,1024,"(710, 1024)",
prot_bert,Q9C029,ok,511,1024,"(511, 1024)",
prot_bert,Q9C030,ok,488,1024,"(488, 1024)",
prot_bert,Q9C035,ok,493,1024,"(493, 1024)",
prot_bert,Q9C037,ok,500,1024,"(500, 1024)",
prot_bert,Q9C040,ok,744,1024,"(744, 1024)",
prot_bert,Q9C0B1,ok,505,1024,"(505, 1024)",
prot_bert,Q9C0C7,ok,1298,1024,"(1298, 1024)",
prot_bert,Q9C0C9,ok,1292,1024,"(1292, 1024)",
prot_bert,Q9C0E8,ok,428,1024,"(428, 1024)",
prot_bert,Q9GIY3,ok,266,1024,"(266, 1024)",
prot_bert,Q9GZQ8,ok,125,1024,"(125, 1024)",
prot_bert,Q9GZR7,ok,859,1024,"(859, 1024)",
prot_bert,Q9GZT9,ok,426,1024,"(426, 1024)",
prot_bert,Q9GZV3,ok,580,1024,"(580, 1024)",
prot_bert,Q9GZV5,ok,400,1024,"(400, 1024)",
prot_bert,Q9GZX7,ok,198,1024,"(198, 1024)",
prot_bert,Q9H000,ok,416,1024,"(416, 1024)",
prot_bert,Q9H040,ok,489,1024,"(489, 1024)",
prot_bert,Q9H074,ok,479,1024,"(479, 1024)",
prot_bert,Q9H0A0,ok,1025,1024,"(1025, 1024)",
prot_bert,Q9H0E7,ok,712,1024,"(712, 1024)",
prot_bert,Q9H0F5,ok,515,1024,"(515, 1024)",
prot_bert,Q9H0F6,ok,387,1024,"(387, 1024)",
prot_bert,Q9H0H3,ok,589,1024,"(589, 1024)",
prot_bert,Q9H0K1,ok,926,1024,"(926, 1024)",
prot_bert,Q9H0M0,ok,922,1024,"(922, 1024)",
prot_bert,Q9H0X6,ok,261,1024,"(261, 1024)",
prot_bert,Q9H160,ok,280,1024,"(280, 1024)",
prot_bert,Q9H1D0,ok,765,1024,"(765, 1024)",
prot_bert,Q9H1I8,ok,757,1024,"(757, 1024)",
prot_bert,Q9H211,ok,546,1024,"(546, 1024)",
prot_bert,Q9H257,ok,536,1024,"(536, 1024)",
prot_bert,Q9H2A3,ok,272,1024,"(272, 1024)",
prot_bert,Q9H2C0,ok,597,1024,"(597, 1024)",
prot_bert,Q9H2D6,ok,2365,1024,"(2365, 1024)",
prot_bert,Q9H2G9,ok,400,1024,"(400, 1024)",
prot_bert,Q9H2K2,ok,1166,1024,"(1166, 1024)",
prot_bert,Q9H2K8,ok,898,1024,"(898, 1024)",
prot_bert,Q9H2S5,ok,420,1024,"(420, 1024)",
prot_bert,Q9H2X6,ok,1198,1024,"(1198, 1024)",
prot_bert,Q9H3D4,ok,680,1024,"(680, 1024)",
prot_bert,Q9H3F6,ok,313,1024,"(313, 1024)",
prot_bert,Q9H3M7,ok,391,1024,"(391, 1024)",
prot_bert,Q9H3M9,ok,355,1024,"(355, 1024)",
prot_bert,Q9H3R0,ok,1056,1024,"(1056, 1024)",
prot_bert,Q9H469,ok,300,1024,"(300, 1024)",
prot_bert,Q9H492,ok,121,1024,"(121, 1024)",
prot_bert,Q9H4A3,ok,2382,1024,"(2382, 1024)",
prot_bert,Q9H4B6,ok,383,1024,"(383, 1024)",
prot_bert,Q9H4L7,ok,1026,1024,"(1026, 1024)",
prot_bert,Q9H4M3,ok,255,1024,"(255, 1024)",
prot_bert,Q9H4P4,ok,317,1024,"(317, 1024)",
prot_bert,Q9H5J0,ok,574,1024,"(574, 1024)",
prot_bert,Q9H5J4,ok,265,1024,"(265, 1024)",
prot_bert,Q9H5N1,ok,569,1024,"(569, 1024)",
prot_bert,Q9H5V8,ok,836,1024,"(836, 1024)",
prot_bert,Q9H6E5,ok,874,1024,"(874, 1024)",
prot_bert,Q9H6K1,ok,298,1024,"(298, 1024)",
prot_bert,Q9H6R0,ok,707,1024,"(707, 1024)",
prot_bert,Q9H6Y7,ok,350,1024,"(350, 1024)",
prot_bert,Q9H6Z9,ok,239,1024,"(239, 1024)",
prot_bert,Q9H765,ok,288,1024,"(288, 1024)",
prot_bert,Q9H7L9,ok,328,1024,"(328, 1024)",
prot_bert,Q9H8M7,ok,445,1024,"(445, 1024)",
prot_bert,Q9H8V3,ok,914,1024,"(914, 1024)",
prot_bert,Q9H992,ok,704,1024,"(704, 1024)",
prot_bert,Q9H9J4,ok,1324,1024,"(1324, 1024)",
prot_bert,Q9H9R9,ok,158,1024,"(158, 1024)",
prot_bert,Q9H9S0,ok,305,1024,"(305, 1024)",
prot_bert,Q9HA47,ok,277,1024,"(277, 1024)",
prot_bert,Q9HAU4,ok,748,1024,"(748, 1024)",
prot_bert,Q9HAW4,ok,1339,1024,"(1339, 1024)",
prot_bert,Q9HB29,ok,575,1024,"(575, 1024)",
prot_bert,Q9HB71,ok,228,1024,"(228, 1024)",
prot_bert,Q9HBA0,ok,871,1024,"(871, 1024)",
prot_bert,Q9HBD1,ok,1191,1024,"(1191, 1024)",
prot_bert,Q9HBJ7,ok,922,1024,"(922, 1024)",
prot_bert,Q9HC16,ok,384,1024,"(384, 1024)",
prot_bert,Q9HCE0,ok,2579,1024,"(2579, 1024)",
prot_bert,Q9HCE7,ok,757,1024,"(757, 1024)",
prot_bert,Q9HCI7,ok,577,1024,"(577, 1024)",
prot_bert,Q9HCM4,ok,733,1024,"(733, 1024)",
prot_bert,Q9HCM9,ok,518,1024,"(518, 1024)",
prot_bert,Q9HCS4,ok,588,1024,"(588, 1024)",
prot_bert,Q9HCU8,ok,107,1024,"(107, 1024)",
prot_bert,Q9HCU9,ok,246,1024,"(246, 1024)",
prot_bert,Q9HCX3,ok,659,1024,"(659, 1024)",
prot_bert,Q9HD26,ok,462,1024,"(462, 1024)",
prot_bert,Q9I788,ok,457,1024,"(457, 1024)",
prot_bert,Q9NP62,ok,436,1024,"(436, 1024)",
prot_bert,Q9NP71,ok,852,1024,"(852, 1024)",
prot_bert,Q9NPB6,ok,346,1024,"(346, 1024)",
prot_bert,Q9NPC3,ok,277,1024,"(277, 1024)",
prot_bert,Q9NPH3,ok,570,1024,"(570, 1024)",
prot_bert,Q9NPH5,ok,578,1024,"(578, 1024)",
prot_bert,Q9NPJ1,ok,570,1024,"(570, 1024)",
prot_bert,Q9NQ86,ok,728,1024,"(728, 1024)",
prot_bert,Q9NQ88,ok,270,1024,"(270, 1024)",
prot_bert,Q9NQA5,ok,729,1024,"(729, 1024)",
prot_bert,Q9NQB0,ok,619,1024,"(619, 1024)",
prot_bert,Q9NQC7,ok,956,1024,"(956, 1024)",
prot_bert,Q9NQR1,ok,393,1024,"(393, 1024)",
prot_bert,Q9NQW1,ok,1179,1024,"(1179, 1024)",
prot_bert,Q9NQW6,ok,1124,1024,"(1124, 1024)",
prot_bert,Q9NR09,ok,4857,1024,"(4857, 1024)",
prot_bert,Q9NR28,ok,239,1024,"(239, 1024)",
prot_bert,Q9NR61,ok,685,1024,"(685, 1024)",
prot_bert,Q9NR96,ok,1032,1024,"(1032, 1024)",
prot_bert,Q9NR97,ok,1041,1024,"(1041, 1024)",
prot_bert,Q9NRA0,ok,654,1024,"(654, 1024)",
prot_bert,Q9NRC1,ok,585,1024,"(585, 1024)",
prot_bert,Q9NRC8,ok,400,1024,"(400, 1024)",
prot_bert,Q9NRD0,ok,319,1024,"(319, 1024)",
prot_bert,Q9NRD1,ok,293,1024,"(293, 1024)",
prot_bert,Q9NRD5,ok,415,1024,"(415, 1024)",
prot_bert,Q9NRI5,ok,854,1024,"(854, 1024)",
prot_bert,Q9NRM6,ok,502,1024,"(502, 1024)",
prot_bert,Q9NRM7,ok,1088,1024,"(1088, 1024)",
prot_bert,Q9NRP7,ok,1315,1024,"(1315, 1024)",
prot_bert,Q9NRW3,ok,190,1024,"(190, 1024)",
prot_bert,Q9NRY4,ok,1499,1024,"(1499, 1024)",
prot_bert,Q9NS23,ok,344,1024,"(344, 1024)",
prot_bert,Q9NS37,ok,354,1024,"(354, 1024)",
prot_bert,Q9NS56,ok,1045,1024,"(1045, 1024)",
prot_bert,Q9NS87,ok,1388,1024,"(1388, 1024)",
prot_bert,Q9NS91,ok,495,1024,"(495, 1024)",
prot_bert,Q9NSA3,ok,81,1024,"(81, 1024)",
prot_bert,Q9NSB8,ok,354,1024,"(354, 1024)",
prot_bert,Q9NSE2,ok,258,1024,"(258, 1024)",
prot_bert,Q9NTG7,ok,399,1024,"(399, 1024)",
prot_bert,Q9NTX7,ok,359,1024,"(359, 1024)",
prot_bert,Q9NV58,ok,838,1024,"(838, 1024)",
prot_bert,Q9NV92,ok,336,1024,"(336, 1024)",
prot_bert,Q9NVF7,ok,368,1024,"(368, 1024)",
prot_bert,Q9NVI1,ok,1328,1024,"(1328, 1024)",
prot_bert,Q9NVR0,ok,708,1024,"(708, 1024)",
prot_bert,Q9NVV4,ok,582,1024,"(582, 1024)",
prot_bert,Q9NVW2,ok,624,1024,"(624, 1024)",
prot_bert,Q9NW38,ok,375,1024,"(375, 1024)",
prot_bert,Q9NWF9,ok,866,1024,"(866, 1024)",
prot_bert,Q9NWM3,ok,386,1024,"(386, 1024)",
prot_bert,Q9NWN3,ok,711,1024,"(711, 1024)",
prot_bert,Q9NWT6,ok,349,1024,"(349, 1024)",
prot_bert,Q9NWZ3,ok,460,1024,"(460, 1024)",
prot_bert,Q9NWZ5,ok,548,1024,"(548, 1024)",
prot_bert,Q9NX09,ok,232,1024,"(232, 1024)",
prot_bert,Q9NX47,ok,278,1024,"(278, 1024)",
prot_bert,Q9NXF7,ok,216,1024,"(216, 1024)",
prot_bert,Q9NXI6,ok,227,1024,"(227, 1024)",
prot_bert,Q9NXK8,ok,326,1024,"(326, 1024)",
prot_bert,Q9NXR8,ok,418,1024,"(418, 1024)",
prot_bert,Q9NY46,ok,2000,1024,"(2000, 1024)",
prot_bert,Q9NY99,ok,539,1024,"(539, 1024)",
prot_bert,Q9NYA4,ok,1195,1024,"(1195, 1024)",
prot_bert,Q9NYB9,ok,513,1024,"(513, 1024)",
prot_bert,Q9NYG5,ok,84,1024,"(84, 1024)",
prot_bert,Q9NYJ7,ok,618,1024,"(618, 1024)",
prot_bert,Q9NYJ8,ok,693,1024,"(693, 1024)",
prot_bert,Q9NYP9,ok,233,1024,"(233, 1024)",
prot_bert,Q9NYV9,ok,303,1024,"(303, 1024)",
prot_bert,Q9NYY3,ok,685,1024,"(685, 1024)",
prot_bert,Q9NZ45,ok,108,1024,"(108, 1024)",
prot_bert,Q9NZ52,ok,723,1024,"(723, 1024)",
prot_bert,Q9NZ63,ok,289,1024,"(289, 1024)",
prot_bert,Q9NZJ0,ok,730,1024,"(730, 1024)",
prot_bert,Q9NZN5,ok,1544,1024,"(1544, 1024)",
prot_bert,Q9NZQ7,ok,290,1024,"(290, 1024)",
prot_bert,Q9NZS9,ok,450,1024,"(450, 1024)",
prot_bert,Q9P055,ok,311,1024,"(311, 1024)",
prot_bert,Q9P0M6,ok,372,1024,"(372, 1024)",
prot_bert,Q9P0N8,ok,246,1024,"(246, 1024)",
prot_bert,Q9P0N9,ok,293,1024,"(293, 1024)",
prot_bert,Q9P0P0,ok,153,1024,"(153, 1024)",
prot_bert,Q9P0W2,ok,317,1024,"(317, 1024)",
prot_bert,Q9P126,ok,229,1024,"(229, 1024)",
prot_bert,Q9P1Z0,ok,1013,1024,"(1013, 1024)",
prot_bert,Q9P1Z2,ok,691,1024,"(691, 1024)",
prot_bert,Q9P212,ok,2302,1024,"(2302, 1024)",
prot_bert,Q9P219,ok,2028,1024,"(2028, 1024)",
prot_bert,Q9P253,ok,973,1024,"(973, 1024)",
prot_bert,Q9P270,ok,581,1024,"(581, 1024)",
prot_bert,Q9P275,ok,1123,1024,"(1123, 1024)",
prot_bert,Q9P2A4,ok,366,1024,"(366, 1024)",
prot_bert,Q9P2E8,ok,410,1024,"(410, 1024)",
prot_bert,Q9P2F8,ok,1722,1024,"(1722, 1024)",
prot_bert,Q9P2G9,ok,620,1024,"(620, 1024)",
prot_bert,Q9P2H5,ok,1018,1024,"(1018, 1024)",
prot_bert,Q9P2J3,ok,617,1024,"(617, 1024)",
prot_bert,Q9P2K6,ok,505,1024,"(505, 1024)",
prot_bert,Q9P2K8,ok,1649,1024,"(1649, 1024)",
prot_bert,Q9P2N7,ok,655,1024,"(655, 1024)",
prot_bert,Q9P2P5,ok,1572,1024,"(1572, 1024)",
prot_bert,Q9P2X3,ok,320,1024,"(320, 1024)",
prot_bert,Q9P2Y5,ok,699,1024,"(699, 1024)",
prot_bert,Q9TQE0,ok,266,1024,"(266, 1024)",
prot_bert,Q9UBF6,ok,113,1024,"(113, 1024)",
prot_bert,Q9UBF9,ok,498,1024,"(498, 1024)",
prot_bert,Q9UBK2,ok,798,1024,"(798, 1024)",
prot_bert,Q9UBN4,ok,977,1024,"(977, 1024)",
prot_bert,Q9UBN7,ok,1215,1024,"(1215, 1024)",
prot_bert,Q9UBP5,ok,337,1024,"(337, 1024)",
prot_bert,Q9UBR4,ok,397,1024,"(397, 1024)",
prot_bert,Q9UBS5,ok,961,1024,"(961, 1024)",
prot_bert,Q9UBS8,ok,474,1024,"(474, 1024)",
prot_bert,Q9UBV8,ok,284,1024,"(284, 1024)",
prot_bert,Q9UBZ9,ok,1251,1024,"(1251, 1024)",
prot_bert,Q9UDY8,ok,824,1024,"(824, 1024)",
prot_bert,Q9UER7,ok,740,1024,"(740, 1024)",
prot_bert,Q9UF56,ok,701,1024,"(701, 1024)",
prot_bert,Q9UGI0,ok,708,1024,"(708, 1024)",
prot_bert,Q9UGK3,ok,403,1024,"(403, 1024)",
prot_bert,Q9UGP5,ok,575,1024,"(575, 1024)",
prot_bert,Q9UH77,ok,587,1024,"(587, 1024)",
prot_bert,Q9UH90,ok,709,1024,"(709, 1024)",
prot_bert,Q9UHB4,ok,597,1024,"(597, 1024)",
prot_bert,Q9UHC7,ok,482,1024,"(482, 1024)",
prot_bert,Q9UHD2,ok,729,1024,"(729, 1024)",
prot_bert,Q9UHD9,ok,624,1024,"(624, 1024)",
prot_bert,Q9UHN6,ok,1383,1024,"(1383, 1024)",
prot_bert,Q9UHP3,ok,1055,1024,"(1055, 1024)",
prot_bert,Q9UHR4,ok,511,1024,"(511, 1024)",
prot_bert,Q9UHV7,ok,2174,1024,"(2174, 1024)",
prot_bert,Q9UIF7,ok,546,1024,"(546, 1024)",
prot_bert,Q9UIF9,ok,1905,1024,"(1905, 1024)",
prot_bert,Q9UIH9,ok,416,1024,"(416, 1024)",
prot_bert,Q9UII4,ok,1024,1024,"(1024, 1024)",
prot_bert,Q9UIS9,ok,605,1024,"(605, 1024)",
prot_bert,Q9UJA2,ok,301,1024,"(301, 1024)",
prot_bert,Q9UJM3,ok,462,1024,"(462, 1024)",
prot_bert,Q9UJP4,ok,597,1024,"(597, 1024)",
prot_bert,Q9UJQ4,ok,1053,1024,"(1053, 1024)",
prot_bert,Q9UJT9,ok,491,1024,"(491, 1024)",
prot_bert,Q9UJU2,ok,399,1024,"(399, 1024)",
prot_bert,Q9UJX6,ok,822,1024,"(822, 1024)",
prot_bert,Q9UK22,ok,296,1024,"(296, 1024)",
prot_bert,Q9UK80,ok,565,1024,"(565, 1024)",
prot_bert,Q9UK96,ok,956,1024,"(956, 1024)",
prot_bert,Q9UK97,ok,447,1024,"(447, 1024)",
prot_bert,Q9UK99,ok,471,1024,"(471, 1024)",
prot_bert,Q9UKA1,ok,691,1024,"(691, 1024)",
prot_bert,Q9UKA2,ok,621,1024,"(621, 1024)",
prot_bert,Q9UKB1,ok,542,1024,"(542, 1024)",
prot_bert,Q9UKC9,ok,423,1024,"(423, 1024)",
prot_bert,Q9UKE5,ok,1360,1024,"(1360, 1024)",
prot_bert,Q9UKG1,ok,709,1024,"(709, 1024)",
prot_bert,Q9UKL4,ok,321,1024,"(321, 1024)",
prot_bert,Q9UKT4,ok,447,1024,"(447, 1024)",
prot_bert,Q9UKT5,ok,387,1024,"(387, 1024)",
prot_bert,Q9UKT6,ok,434,1024,"(434, 1024)",
prot_bert,Q9UKT7,ok,428,1024,"(428, 1024)",
prot_bert,Q9UKT8,ok,454,1024,"(454, 1024)",
prot_bert,Q9UKT9,ok,509,1024,"(509, 1024)",
prot_bert,Q9UKV5,ok,643,1024,"(643, 1024)",
prot_bert,Q9UL17,ok,535,1024,"(535, 1024)",
prot_bert,Q9ULJ7,ok,1429,1024,"(1429, 1024)",
prot_bert,Q9ULT6,ok,936,1024,"(936, 1024)",
prot_bert,Q9ULT8,ok,2610,1024,"(2610, 1024)",
prot_bert,Q9ULV8,ok,474,1024,"(474, 1024)",
prot_bert,Q9ULW0,ok,747,1024,"(747, 1024)",
prot_bert,Q9ULX6,ok,646,1024,"(646, 1024)",
prot_bert,Q9ULZ3,ok,195,1024,"(195, 1024)",
prot_bert,Q9UM07,ok,663,1024,"(663, 1024)",
prot_bert,Q9UM11,ok,496,1024,"(496, 1024)",
prot_bert,Q9UM47,ok,2321,1024,"(2321, 1024)",
prot_bert,Q9UM73,ok,1620,1024,"(1620, 1024)",
prot_bert,Q9UMS4,ok,504,1024,"(504, 1024)",
prot_bert,Q9UMW8,ok,372,1024,"(372, 1024)",
prot_bert,Q9UMX0,ok,589,1024,"(589, 1024)",
prot_bert,Q9UMX1,ok,484,1024,"(484, 1024)",
prot_bert,Q9UNE0,ok,448,1024,"(448, 1024)",
prot_bert,Q9UNE7,ok,303,1024,"(303, 1024)",
prot_bert,Q9UNH5,ok,594,1024,"(594, 1024)",
prot_bert,Q9UNK0,ok,236,1024,"(236, 1024)",
prot_bert,Q9UNL4,ok,249,1024,"(249, 1024)",
prot_bert,Q9UNN5,ok,650,1024,"(650, 1024)",
prot_bert,Q9UPN3,ok,7388,1024,"(7388, 1024)",
prot_bert,Q9UPN4,ok,1083,1024,"(1083, 1024)",
prot_bert,Q9UPN9,ok,1127,1024,"(1127, 1024)",
prot_bert,Q9UPP1,ok,1060,1024,"(1060, 1024)",
prot_bert,Q9UPQ4,ok,493,1024,"(493, 1024)",
prot_bert,Q9UPQ7,ok,1066,1024,"(1066, 1024)",
prot_bert,Q9UPR3,ok,1016,1024,"(1016, 1024)",
prot_bert,Q9UPT9,ok,525,1024,"(525, 1024)",
prot_bert,Q9UPU5,ok,2620,1024,"(2620, 1024)",
prot_bert,Q9UPW8,ok,1703,1024,"(1703, 1024)",
prot_bert,Q9UPY5,ok,501,1024,"(501, 1024)",
prot_bert,Q9UPY8,ok,281,1024,"(281, 1024)",
prot_bert,Q9UQ13,ok,582,1024,"(582, 1024)",
prot_bert,Q9UQ80,ok,394,1024,"(394, 1024)",
prot_bert,Q9UQD0,ok,1980,1024,"(1980, 1024)",
prot_bert,Q9UQK1,ok,317,1024,"(317, 1024)",
prot_bert,Q9Y238,ok,1755,1024,"(1755, 1024)",
prot_bert,Q9Y239,ok,953,1024,"(953, 1024)",
prot_bert,Q9Y243,ok,479,1024,"(479, 1024)",
prot_bert,Q9Y252,ok,685,1024,"(685, 1024)",
prot_bert,Q9Y253,ok,713,1024,"(713, 1024)",
prot_bert,Q9Y256,ok,329,1024,"(329, 1024)",
prot_bert,Q9Y261,ok,457,1024,"(457, 1024)",
prot_bert,Q9Y282,ok,383,1024,"(383, 1024)",
prot_bert,Q9Y286,ok,467,1024,"(467, 1024)",
prot_bert,Q9Y294,ok,204,1024,"(204, 1024)",
prot_bert,Q9Y297,ok,605,1024,"(605, 1024)",
prot_bert,Q9Y2E6,ok,619,1024,"(619, 1024)",
prot_bert,Q9Y2J4,ok,779,1024,"(779, 1024)",
prot_bert,Q9Y2K6,ok,914,1024,"(914, 1024)",
prot_bert,Q9Y2K7,ok,1162,1024,"(1162, 1024)",
prot_bert,Q9Y2M5,ok,609,1024,"(609, 1024)",
prot_bert,Q9Y2N7,ok,669,1024,"(669, 1024)",
prot_bert,Q9Y2R9,ok,242,1024,"(242, 1024)",
prot_bert,Q9Y2T1,ok,843,1024,"(843, 1024)",
prot_bert,Q9Y2U5,ok,619,1024,"(619, 1024)",
prot_bert,Q9Y2Y9,ok,288,1024,"(288, 1024)",
prot_bert,Q9Y314,ok,301,1024,"(301, 1024)",
prot_bert,Q9Y371,ok,365,1024,"(365, 1024)",
prot_bert,Q9Y3C5,ok,154,1024,"(154, 1024)",
prot_bert,Q9Y3D6,ok,152,1024,"(152, 1024)",
prot_bert,Q9Y3I1,ok,522,1024,"(522, 1024)",
prot_bert,Q9Y3Z3,ok,626,1024,"(626, 1024)",
prot_bert,Q9Y468,ok,840,1024,"(840, 1024)",
prot_bert,Q9Y490,ok,2541,1024,"(2541, 1024)",
prot_bert,Q9Y4A5,ok,3859,1024,"(3859, 1024)",
prot_bert,Q9Y4B6,ok,1507,1024,"(1507, 1024)",
prot_bert,Q9Y4C1,ok,1321,1024,"(1321, 1024)",
prot_bert,Q9Y4C4,ok,1052,1024,"(1052, 1024)",
prot_bert,Q9Y4E8,ok,981,1024,"(981, 1024)",
prot_bert,Q9Y4G8,ok,1499,1024,"(1499, 1024)",
prot_bert,Q9Y4H2,ok,1338,1024,"(1338, 1024)",
prot_bert,Q9Y4K3,ok,522,1024,"(522, 1024)",
prot_bert,Q9Y4K4,ok,846,1024,"(846, 1024)",
prot_bert,Q9Y4L5,ok,304,1024,"(304, 1024)",
prot_bert,Q9Y4P8,ok,454,1024,"(454, 1024)",
prot_bert,Q9Y4R8,ok,837,1024,"(837, 1024)",
prot_bert,Q9Y4X5,ok,557,1024,"(557, 1024)",
prot_bert,Q9Y508,ok,228,1024,"(228, 1024)",
prot_bert,Q9Y570,ok,386,1024,"(386, 1024)",
prot_bert,Q9Y572,ok,518,1024,"(518, 1024)",
prot_bert,Q9Y574,ok,426,1024,"(426, 1024)",
prot_bert,Q9Y575,ok,518,1024,"(518, 1024)",
prot_bert,Q9Y577,ok,477,1024,"(477, 1024)",
prot_bert,Q9Y5A6,ok,473,1024,"(473, 1024)",
prot_bert,Q9Y5E6,ok,796,1024,"(796, 1024)",
prot_bert,Q9Y5J3,ok,304,1024,"(304, 1024)",
prot_bert,Q9Y5K5,ok,329,1024,"(329, 1024)",
prot_bert,Q9Y5M8,ok,271,1024,"(271, 1024)",
prot_bert,Q9Y5Q3,ok,323,1024,"(323, 1024)",
prot_bert,Q9Y5R6,ok,373,1024,"(373, 1024)",
prot_bert,Q9Y5T5,ok,823,1024,"(823, 1024)",
prot_bert,Q9Y5U5,ok,241,1024,"(241, 1024)",
prot_bert,Q9Y5V3,ok,778,1024,"(778, 1024)",
prot_bert,Q9Y5W3,ok,355,1024,"(355, 1024)",
prot_bert,Q9Y5X1,ok,595,1024,"(595, 1024)",
prot_bert,Q9Y5Y9,ok,1956,1024,"(1956, 1024)",
prot_bert,Q9Y657,ok,262,1024,"(262, 1024)",
prot_bert,Q9Y692,ok,573,1024,"(573, 1024)",
prot_bert,Q9Y697,ok,457,1024,"(457, 1024)",
prot_bert,Q9Y6B2,ok,187,1024,"(187, 1024)",
prot_bert,Q9Y6D0,ok,94,1024,"(94, 1024)",
prot_bert,Q9Y6D9,ok,718,1024,"(718, 1024)",
prot_bert,Q9Y6H5,ok,919,1024,"(919, 1024)",
prot_bert,Q9Y6I3,ok,576,1024,"(576, 1024)",
prot_bert,Q9Y6I4,ok,520,1024,"(520, 1024)",
prot_bert,Q9Y6I7,ok,421,1024,"(421, 1024)",
prot_bert,Q9Y6J0,ok,2220,1024,"(2220, 1024)",
prot_bert,Q9Y6K9,ok,419,1024,"(419, 1024)",
prot_bert,Q9Y6N7,ok,1651,1024,"(1651, 1024)",
prot_bert,Q9Y6Q9,ok,1424,1024,"(1424, 1024)",
prot_bert,Q9Y6W8,ok,199,1024,"(199, 1024)",
prot_bert,Q9Y6X2,ok,628,1024,"(628, 1024)",
