pair_id,group_id,enzyme_class,enz_ac,sub_ac,enz_gene,sub_gene,enzyme_type,label,source,pmid,enz_gene_norm,sub_gene_norm,gene_pair_key,ppi_physical_flag
E3|O00308|O43541,E3|O00308,E3,O00308,O43541,WWP2,SMAD6,HECT,0,neg2x_initial_degree_matched,,WWP2,SMAD6,SMAD6|WWP2,True
E3|O00308|P15880,E3|O00308,E3,O00308,P15880,WWP2,RPS2,HECT,0,neg2x_initial_degree_matched,,WWP2,RPS2,RPS2|WWP2,True
E3|O00308|Q12824,E3|O00308,E3,O00308,Q12824,WWP2,SMARCB1,HECT,0,neg2x_initial_degree_matched,,WWP2,SMARCB1,SMARCB1|WWP2,True
E3|O14543|Q15233,E3|O14543,E3,O14543,Q15233,SOCS3,NONO,SOCS_VHL_BC-box,0,neg2x_initial_degree_matched,,SOCS3,NONO,NONO|SOCS3,True
E3|O14544|P24928,E3|O14544,E3,O14544,P24928,SOCS6,POLR2A,SOCS_VHL_BC-box,0,neg2x_initial_degree_matched,,SOCS6,POLR2A,POLR2A|SOCS6,True
E3|O15151|P05067,E3|O15151,E3,O15151,P05067,MDM4,APP,RING,0,neg2x_initial_degree_matched,,MDM4,APP,APP|MDM4,True
E3|O43164|P50750,E3|O43164,E3,O43164,P50750,PJA2,CDK9,RING,0,neg2x_initial_degree_matched,,PJA2,CDK9,CDK9|PJA2,True
E3|O43663|P15927,E3|O43663,E3,O43663,P15927,PRC1,RPA2,RING,0,neg2x_initial_degree_matched,,PRC1,RPA2,PRC1|RPA2,True
E3|O43791|P06733,E3|O43791,E3,O43791,P06733,SPOP,ENO1,Other,0,neg2x_initial_degree_matched,,SPOP,ENO1,ENO1|SPOP,True
E3|O43791|O75496,E3|O43791,E3,O43791,O75496,SPOP,GMNN,Other,0,neg2x_initial_degree_matched,,SPOP,GMNN,GMNN|SPOP,True
E3|O43791|Q13501,E3|O43791,E3,O43791,Q13501,SPOP,SQSTM1,Other,0,neg2x_initial_degree_matched,,SPOP,SQSTM1,SPOP|SQSTM1,True
E3|O60260|P45983,E3|O60260,E3,O60260,P45983,PARK2,MAPK8,RING,0,neg2x_initial_degree_matched,,PARK2,MAPK8,MAPK8|PARK2,True
E3|O60260|P98170,E3|O60260,E3,O60260,P98170,PARK2,XIAP,RING,0,neg2x_initial_degree_matched,,PARK2,XIAP,PARK2|XIAP,True
E3|O60260|Q93009,E3|O60260,E3,O60260,Q93009,PARK2,USP7,RING,0,neg2x_initial_degree_matched,,PARK2,USP7,PARK2|USP7,True
E3|O60260|Q02156,E3|O60260,E3,O60260,Q02156,PARK2,PRKCE,RING,0,neg2x_initial_degree_matched,,PARK2,PRKCE,PARK2|PRKCE,True
E3|O60260|Q53EL6,E3|O60260,E3,O60260,Q53EL6,PARK2,PDCD4,RING,0,neg2x_initial_degree_matched,,PARK2,PDCD4,PARK2|PDCD4,True
E3|O60260|Q96SW2,E3|O60260,E3,O60260,Q96SW2,PARK2,CRBN,RING,0,neg2x_initial_degree_matched,,PARK2,CRBN,CRBN|PARK2,True
E3|O60260|P52294,E3|O60260,E3,O60260,P52294,PARK2,KPNA1,RING,0,neg2x_initial_degree_matched,,PARK2,KPNA1,KPNA1|PARK2,True
E3|O60260|P05771,E3|O60260,E3,O60260,P05771,PARK2,PRKCB,RING,0,neg2x_initial_degree_matched,,PARK2,PRKCB,PARK2|PRKCB,True
E3|O60260|Q8IW35,E3|O60260,E3,O60260,Q8IW35,PARK2,CEP97,RING,0,neg2x_initial_degree_matched,,PARK2,CEP97,CEP97|PARK2,True
E3|O60260|P02786,E3|O60260,E3,O60260,P02786,PARK2,TFRC,RING,0,neg2x_initial_degree_matched,,PARK2,TFRC,PARK2|TFRC,True
E3|O60260|P23919,E3|O60260,E3,O60260,P23919,PARK2,DTYMK,RING,0,neg2x_initial_degree_matched,,PARK2,DTYMK,DTYMK|PARK2,True
E3|O60260|O75909,E3|O60260,E3,O60260,O75909,PARK2,CCNK,RING,0,neg2x_initial_degree_matched,,PARK2,CCNK,CCNK|PARK2,True
E3|O60260|Q08380,E3|O60260,E3,O60260,Q08380,PARK2,LGALS3BP,RING,0,neg2x_initial_degree_matched,,PARK2,LGALS3BP,LGALS3BP|PARK2,True
E3|O60260|Q14558,E3|O60260,E3,O60260,Q14558,PARK2,PRPSAP1,RING,0,neg2x_initial_degree_matched,,PARK2,PRPSAP1,PARK2|PRPSAP1,True
E3|O60260|Q9UHD2,E3|O60260,E3,O60260,Q9UHD2,PARK2,TBK1,RING,0,neg2x_initial_degree_matched,,PARK2,TBK1,PARK2|TBK1,True
E3|O60260|Q7KZI7,E3|O60260,E3,O60260,Q7KZI7,PARK2,MARK2,RING,0,neg2x_initial_degree_matched,,PARK2,MARK2,MARK2|PARK2,True
E3|O60260|P24928,E3|O60260,E3,O60260,P24928,PARK2,POLR2A,RING,0,neg2x_initial_degree_matched,,PARK2,POLR2A,PARK2|POLR2A,True
E3|O60260|P04183,E3|O60260,E3,O60260,P04183,PARK2,TK1,RING,0,neg2x_initial_degree_matched,,PARK2,TK1,PARK2|TK1,True
E3|O60260|O75928,E3|O60260,E3,O60260,O75928,PARK2,PIAS2,RING,0,neg2x_initial_degree_matched,,PARK2,PIAS2,PARK2|PIAS2,True
E3|O60260|O60934,E3|O60260,E3,O60260,O60934,PARK2,NBN,RING,0,neg2x_initial_degree_matched,,PARK2,NBN,NBN|PARK2,True
E3|O60260|P12277,E3|O60260,E3,O60260,P12277,PARK2,CKB,RING,0,neg2x_initial_degree_matched,,PARK2,CKB,CKB|PARK2,True
E3|O60260|O60313,E3|O60260,E3,O60260,O60313,PARK2,OPA1,RING,0,neg2x_initial_degree_matched,,PARK2,OPA1,OPA1|PARK2,True
E3|O60260|Q9Y4R8,E3|O60260,E3,O60260,Q9Y4R8,PARK2,TELO2,RING,0,neg2x_initial_degree_matched,,PARK2,TELO2,PARK2|TELO2,True
E3|O60260|Q8TEY7,E3|O60260,E3,O60260,Q8TEY7,PARK2,USP33,RING,0,neg2x_initial_degree_matched,,PARK2,USP33,PARK2|USP33,True
E3|O60260|Q5VTR2,E3|O60260,E3,O60260,Q5VTR2,PARK2,RNF20,RING,0,neg2x_initial_degree_matched,,PARK2,RNF20,PARK2|RNF20,True
E3|O60260|Q86U70,E3|O60260,E3,O60260,Q86U70,PARK2,LDB1,RING,0,neg2x_initial_degree_matched,,PARK2,LDB1,LDB1|PARK2,True
E3|O60260|Q13085,E3|O60260,E3,O60260,Q13085,PARK2,ACACA,RING,0,neg2x_initial_degree_matched,,PARK2,ACACA,ACACA|PARK2,True
E3|O60260|P35250,E3|O60260,E3,O60260,P35250,PARK2,RFC2,RING,0,neg2x_initial_degree_matched,,PARK2,RFC2,PARK2|RFC2,True
E3|O60260|P00966,E3|O60260,E3,O60260,P00966,PARK2,ASS1,RING,0,neg2x_initial_degree_matched,,PARK2,ASS1,ASS1|PARK2,True
E3|O60260|Q9NRC1,E3|O60260,E3,O60260,Q9NRC1,PARK2,ST7,RING,0,neg2x_initial_degree_matched,,PARK2,ST7,PARK2|ST7,True
E3|O60260|P34932,E3|O60260,E3,O60260,P34932,PARK2,HSPA4,RING,0,neg2x_initial_degree_matched,,PARK2,HSPA4,HSPA4|PARK2,True
E3|O75150|O60260,E3|O75150,E3,O75150,O60260,RNF40,PARK2,RING,0,neg2x_initial_degree_matched,,RNF40,PARK2,PARK2|RNF40,True
E3|O76064|Q99848,E3|O76064,E3,O76064,Q99848,RNF8,EBNA1BP2,RING,0,neg2x_initial_degree_matched,,RNF8,EBNA1BP2,EBNA1BP2|RNF8,True
E3|O76064|Q13123,E3|O76064,E3,O76064,Q13123,RNF8,IK,RING,0,neg2x_initial_degree_matched,,RNF8,IK,IK|RNF8,True
E3|O76064|P21796,E3|O76064,E3,O76064,P21796,RNF8,VDAC1,RING,0,neg2x_initial_degree_matched,,RNF8,VDAC1,RNF8|VDAC1,True
E3|O76064|P06493,E3|O76064,E3,O76064,P06493,RNF8,CDK1,RING,0,neg2x_initial_degree_matched,,RNF8,CDK1,CDK1|RNF8,True
E3|O94972|P98170,E3|O94972,E3,O94972,P98170,TRIM37,XIAP,RING,0,neg2x_initial_degree_matched,,TRIM37,XIAP,TRIM37|XIAP,True
E3|O95071|O95786,E3|O95071,E3,O95071,O95786,UBR5,DDX58,HECT,0,neg2x_initial_degree_matched,,UBR5,DDX58,DDX58|UBR5,True
E3|O95630|O75385,E3|O95630,E3,O95630,O75385,STAMBP,ULK1,SOCS_VHL_BC-box,0,neg2x_initial_degree_matched,,STAMBP,ULK1,STAMBP|ULK1,True
E3|P00748|O95817,E3|P00748,E3,P00748,O95817,F12,BAG3,Other,0,neg2x_initial_degree_matched,,F12,BAG3,BAG3|F12,True
E3|P09874|P00367,E3|P09874,E3,P09874,P00367,PARP1,GLUD1,Other,0,neg2x_initial_degree_matched,,PARP1,GLUD1,GLUD1|PARP1,True
E3|P14373|Q9NQB0,E3|P14373,E3,P14373,Q9NQB0,TRIM27,TCF7L2,RING,0,neg2x_initial_degree_matched,,TRIM27,TCF7L2,TCF7L2|TRIM27,True
E3|P19474|P83916,E3|P19474,E3,P19474,P83916,TRIM21,CBX1,RING,0,neg2x_initial_degree_matched,,TRIM21,CBX1,CBX1|TRIM21,True
E3|P19474|Q9Y4A5,E3|P19474,E3,P19474,Q9Y4A5,TRIM21,TRRAP,RING,0,neg2x_initial_degree_matched,,TRIM21,TRRAP,TRIM21|TRRAP,True
E3|P19474|P51668,E3|P19474,E3,P19474,P51668,TRIM21,UBE2D1,RING,0,neg2x_initial_degree_matched,,TRIM21,UBE2D1,TRIM21|UBE2D1,True
E3|P19474|Q9NQC7,E3|P19474,E3,P19474,Q9NQC7,TRIM21,CYLD,RING,0,neg2x_initial_degree_matched,,TRIM21,CYLD,CYLD|TRIM21,True
E3|P19474|Q9Y297,E3|P19474,E3,P19474,Q9Y297,TRIM21,BTRC,RING,0,neg2x_initial_degree_matched,,TRIM21,BTRC,BTRC|TRIM21,True
E3|P19474|P16070,E3|P19474,E3,P19474,P16070,TRIM21,CD44,RING,0,neg2x_initial_degree_matched,,TRIM21,CD44,CD44|TRIM21,True
E3|P19474|P04229,E3|P19474,E3,P19474,P04229,TRIM21,HLA-DRB1,RING,0,neg2x_initial_degree_matched,,TRIM21,HLA-DRB1,HLA-DRB1|TRIM21,True
E3|P22681|Q13492,E3|P22681,E3,P22681,Q13492,CBL,PICALM,RING,0,neg2x_initial_degree_matched,,CBL,PICALM,CBL|PICALM,True
E3|P22681|P60484,E3|P22681,E3,P22681,P60484,CBL,PTEN,RING,0,neg2x_initial_degree_matched,,CBL,PTEN,CBL|PTEN,True
E3|P22681|Q99933,E3|P22681,E3,P22681,Q99933,CBL,BAG1,RING,0,neg2x_initial_degree_matched,,CBL,BAG1,BAG1|CBL,True
E3|P22681|Q14653,E3|P22681,E3,P22681,Q14653,CBL,IRF3,RING,0,neg2x_initial_degree_matched,,CBL,IRF3,CBL|IRF3,True
E3|P22681|P09211,E3|P22681,E3,P22681,P09211,CBL,GSTP1,RING,0,neg2x_initial_degree_matched,,CBL,GSTP1,CBL|GSTP1,True
E3|P22681|Q9H0M0,E3|P22681,E3,P22681,Q9H0M0,CBL,WWP1,RING,0,neg2x_initial_degree_matched,,CBL,WWP1,CBL|WWP1,True
E3|P22681|P11021,E3|P22681,E3,P22681,P11021,CBL,HSPA5,RING,0,neg2x_initial_degree_matched,,CBL,HSPA5,CBL|HSPA5,True
E3|P22681|P68133,E3|P22681,E3,P22681,P68133,CBL,ACTA1,RING,0,neg2x_initial_degree_matched,,CBL,ACTA1,ACTA1|CBL,True
E3|P22681|P51668,E3|P22681,E3,P22681,P51668,CBL,UBE2D1,RING,0,neg2x_initial_degree_matched,,CBL,UBE2D1,CBL|UBE2D1,True
E3|P29590|Q06609,E3|P29590,E3,P29590,Q06609,PML,RAD51,RING,0,neg2x_initial_degree_matched,,PML,RAD51,PML|RAD51,True
E3|P37231|Q9Y490,E3|P37231,E3,P37231,Q9Y490,PPARG,TLN1,RING,0,neg2x_initial_degree_matched,,PPARG,TLN1,PPARG|TLN1,True
E3|P38398|P26038,E3|P38398,E3,P38398,P26038,BRCA1,MSN,RING,0,neg2x_initial_degree_matched,,BRCA1,MSN,BRCA1|MSN,True
E3|P38398|Q9Y253,E3|P38398,E3,P38398,Q9Y253,BRCA1,POLH,RING,0,neg2x_initial_degree_matched,,BRCA1,POLH,BRCA1|POLH,True
E3|P38398|P35573,E3|P38398,E3,P38398,P35573,BRCA1,AGL,RING,0,neg2x_initial_degree_matched,,BRCA1,AGL,AGL|BRCA1,True
E3|P38398|P12956,E3|P38398,E3,P38398,P12956,BRCA1,XRCC6,RING,0,neg2x_initial_degree_matched,,BRCA1,XRCC6,BRCA1|XRCC6,True
E3|P38398|Q9BX63,E3|P38398,E3,P38398,Q9BX63,BRCA1,BRIP1,RING,0,neg2x_initial_degree_matched,,BRCA1,BRIP1,BRCA1|BRIP1,True
E3|P38398|P78527,E3|P38398,E3,P38398,P78527,BRCA1,PRKDC,RING,0,neg2x_initial_degree_matched,,BRCA1,PRKDC,BRCA1|PRKDC,True
E3|P38398|Q8WZ42,E3|P38398,E3,P38398,Q8WZ42,BRCA1,TTN,RING,0,neg2x_initial_degree_matched,,BRCA1,TTN,BRCA1|TTN,True
E3|P38398|Q14457,E3|P38398,E3,P38398,Q14457,BRCA1,BECN1,RING,0,neg2x_initial_degree_matched,,BRCA1,BECN1,BECN1|BRCA1,True
E3|P38398|P67870,E3|P38398,E3,P38398,P67870,BRCA1,CSNK2B,RING,0,neg2x_initial_degree_matched,,BRCA1,CSNK2B,BRCA1|CSNK2B,True
E3|P38398|O94761,E3|P38398,E3,P38398,O94761,BRCA1,RECQL4,RING,0,neg2x_initial_degree_matched,,BRCA1,RECQL4,BRCA1|RECQL4,True
E3|P40337|O60674,E3|P40337,E3,P40337,O60674,VHL,JAK2,SOCS_VHL_BC-box,0,neg2x_initial_degree_matched,,VHL,JAK2,JAK2|VHL,True
E3|P40337|Q9H3M7,E3|P40337,E3,P40337,Q9H3M7,VHL,TXNIP,SOCS_VHL_BC-box,0,neg2x_initial_degree_matched,,VHL,TXNIP,TXNIP|VHL,True
E3|P40337|P49918,E3|P40337,E3,P40337,P49918,VHL,CDKN1C,SOCS_VHL_BC-box,0,neg2x_initial_degree_matched,,VHL,CDKN1C,CDKN1C|VHL,True
E3|P40337|P40763,E3|P40337,E3,P40337,P40763,VHL,STAT3,SOCS_VHL_BC-box,0,neg2x_initial_degree_matched,,VHL,STAT3,STAT3|VHL,True
E3|P46934|Q8TCC7,E3|P46934,E3,P46934,Q8TCC7,NEDD4,SLC22A8,HECT,0,neg2x_initial_degree_matched,,NEDD4,SLC22A8,NEDD4|SLC22A8,True
E3|P46934|P55017,E3|P46934,E3,P46934,P55017,NEDD4,SLC12A3,HECT,0,neg2x_initial_degree_matched,,NEDD4,SLC12A3,NEDD4|SLC12A3,True
E3|P46934|P00519,E3|P46934,E3,P46934,P00519,NEDD4,ABL1,HECT,0,neg2x_initial_degree_matched,,NEDD4,ABL1,ABL1|NEDD4,True
E3|P46934|P27694,E3|P46934,E3,P46934,P27694,NEDD4,RPA1,HECT,0,neg2x_initial_degree_matched,,NEDD4,RPA1,NEDD4|RPA1,True
E3|P46934|Q13049,E3|P46934,E3,P46934,Q13049,NEDD4,TRIM32,HECT,0,neg2x_initial_degree_matched,,NEDD4,TRIM32,NEDD4|TRIM32,True
E3|P46934|O43541,E3|P46934,E3,P46934,O43541,NEDD4,SMAD6,HECT,0,neg2x_initial_degree_matched,,NEDD4,SMAD6,NEDD4|SMAD6,True
E3|P46934|O60315,E3|P46934,E3,P46934,O60315,NEDD4,ZEB2,HECT,0,neg2x_initial_degree_matched,,NEDD4,ZEB2,NEDD4|ZEB2,True
E3|P46934|Q99497,E3|P46934,E3,P46934,Q99497,NEDD4,PARK7,HECT,0,neg2x_initial_degree_matched,,NEDD4,PARK7,NEDD4|PARK7,True
E3|P46934|Q9NWM3,E3|P46934,E3,P46934,Q9NWM3,NEDD4,CUEDC1,HECT,0,neg2x_initial_degree_matched,,NEDD4,CUEDC1,CUEDC1|NEDD4,True
E3|P46934|Q9Y2J4,E3|P46934,E3,P46934,Q9Y2J4,NEDD4,AMOTL2,HECT,0,neg2x_initial_degree_matched,,NEDD4,AMOTL2,AMOTL2|NEDD4,True
E3|P46934|P37088,E3|P46934,E3,P46934,P37088,NEDD4,SCNN1A,HECT,0,neg2x_initial_degree_matched,,NEDD4,SCNN1A,NEDD4|SCNN1A,True
E3|P46934|P63000,E3|P46934,E3,P46934,P63000,NEDD4,RAC1,HECT,0,neg2x_initial_degree_matched,,NEDD4,RAC1,NEDD4|RAC1,True
E3|P46934|Q9H492,E3|P46934,E3,P46934,Q9H492,NEDD4,MAP1LC3A,HECT,0,neg2x_initial_degree_matched,,NEDD4,MAP1LC3A,MAP1LC3A|NEDD4,True
E3|P46934|P07437,E3|P46934,E3,P46934,P07437,NEDD4,TUBB,HECT,0,neg2x_initial_degree_matched,,NEDD4,TUBB,NEDD4|TUBB,True
E3|P46934|Q9P2Y5,E3|P46934,E3,P46934,Q9P2Y5,NEDD4,UVRAG,HECT,0,neg2x_initial_degree_matched,,NEDD4,UVRAG,NEDD4|UVRAG,True
E3|P46934|Q9NRM7,E3|P46934,E3,P46934,Q9NRM7,NEDD4,LATS2,HECT,0,neg2x_initial_degree_matched,,NEDD4,LATS2,LATS2|NEDD4,True
E3|P46934|P07947,E3|P46934,E3,P46934,P07947,NEDD4,YES1,HECT,0,neg2x_initial_degree_matched,,NEDD4,YES1,NEDD4|YES1,True
E3|P46934|Q00613,E3|P46934,E3,P46934,Q00613,NEDD4,HSF1,HECT,0,neg2x_initial_degree_matched,,NEDD4,HSF1,HSF1|NEDD4,True
E3|P49427|Q9NR28,E3|P49427,E3,P49427,Q9NR28,CDC34,DIABLO,Other,0,neg2x_initial_degree_matched,,CDC34,DIABLO,CDC34|DIABLO,True
E3|P53804|P27695,E3|P53804,E3,P53804,P27695,TTC3,APEX1,RING,0,neg2x_initial_degree_matched,,TTC3,APEX1,APEX1|TTC3,True
E3|P62877|O43318,E3|P62877,E3,P62877,O43318,RBX1,MAP3K7,RING,0,neg2x_initial_degree_matched,,RBX1,MAP3K7,MAP3K7|RBX1,True
E3|P62877|O60315,E3|P62877,E3,P62877,O60315,RBX1,ZEB2,RING,0,neg2x_initial_degree_matched,,RBX1,ZEB2,RBX1|ZEB2,True
E3|P78317|Q9NS91,E3|P78317,E3,P78317,Q9NS91,RNF4,RAD18,RING,0,neg2x_initial_degree_matched,,RNF4,RAD18,RAD18|RNF4,True
E3|P78317|Q96MM3,E3|P78317,E3,P78317,Q96MM3,RNF4,ZFP42,RING,0,neg2x_initial_degree_matched,,RNF4,ZFP42,RNF4|ZFP42,True
E3|P78317|P06748,E3|P78317,E3,P78317,P06748,RNF4,NPM1,RING,0,neg2x_initial_degree_matched,,RNF4,NPM1,NPM1|RNF4,True
E3|P98170|Q9Y4G8,E3|P98170,E3,P98170,Q9Y4G8,XIAP,RAPGEF2,RING,0,neg2x_initial_degree_matched,,XIAP,RAPGEF2,RAPGEF2|XIAP,True
E3|P98170|P63279,E3|P98170,E3,P98170,P63279,XIAP,UBE2I,RING,0,neg2x_initial_degree_matched,,XIAP,UBE2I,UBE2I|XIAP,True
E3|P98170|P49841,E3|P98170,E3,P98170,P49841,XIAP,GSK3B,RING,0,neg2x_initial_degree_matched,,XIAP,GSK3B,GSK3B|XIAP,True
E3|P98170|Q13049,E3|P98170,E3,P98170,Q13049,XIAP,TRIM32,RING,0,neg2x_initial_degree_matched,,XIAP,TRIM32,TRIM32|XIAP,True
E3|P98170|Q96K76,E3|P98170,E3,P98170,Q96K76,XIAP,USP47,RING,0,neg2x_initial_degree_matched,,XIAP,USP47,USP47|XIAP,True
E3|Q00987|Q9Y4E8,E3|Q00987,E3,Q00987,Q9Y4E8,MDM2,USP15,RING,0,neg2x_initial_degree_matched,,MDM2,USP15,MDM2|USP15,True
E3|Q00987|Q8N726,E3|Q00987,E3,Q00987,Q8N726,MDM2,CDKN2A,RING,0,neg2x_initial_degree_matched,,MDM2,CDKN2A,CDKN2A|MDM2,True
E3|Q00987|P49792,E3|Q00987,E3,Q00987,P49792,MDM2,RANBP2,RING,0,neg2x_initial_degree_matched,,MDM2,RANBP2,MDM2|RANBP2,True
E3|Q00987|Q9H6Z9,E3|Q00987,E3,Q00987,Q9H6Z9,MDM2,EGLN3,RING,0,neg2x_initial_degree_matched,,MDM2,EGLN3,EGLN3|MDM2,True
E3|Q00987|Q9NS23,E3|Q00987,E3,Q00987,Q9NS23,MDM2,RASSF1,RING,0,neg2x_initial_degree_matched,,MDM2,RASSF1,MDM2|RASSF1,True
E3|Q00987|P42229,E3|Q00987,E3,Q00987,P42229,MDM2,STAT5A,RING,0,neg2x_initial_degree_matched,,MDM2,STAT5A,MDM2|STAT5A,True
E3|Q00987|Q14139,E3|Q00987,E3,Q00987,Q14139,MDM2,UBE4A,RING,0,neg2x_initial_degree_matched,,MDM2,UBE4A,MDM2|UBE4A,True
E3|Q00987|P68036,E3|Q00987,E3,Q00987,P68036,MDM2,UBE2L3,RING,0,neg2x_initial_degree_matched,,MDM2,UBE2L3,MDM2|UBE2L3,True
E3|Q00987|Q9NZJ0,E3|Q00987,E3,Q00987,Q9NZJ0,MDM2,DTL,RING,0,neg2x_initial_degree_matched,,MDM2,DTL,DTL|MDM2,True
E3|Q00987|Q16666,E3|Q00987,E3,Q00987,Q16666,MDM2,IFI16,RING,0,neg2x_initial_degree_matched,,MDM2,IFI16,IFI16|MDM2,True
E3|Q00987|P12004,E3|Q00987,E3,Q00987,P12004,MDM2,PCNA,RING,0,neg2x_initial_degree_matched,,MDM2,PCNA,MDM2|PCNA,True
E3|Q00987|Q96RU7,E3|Q00987,E3,Q00987,Q96RU7,MDM2,TRIB3,RING,0,neg2x_initial_degree_matched,,MDM2,TRIB3,MDM2|TRIB3,True
E3|Q00987|P63279,E3|Q00987,E3,Q00987,P63279,MDM2,UBE2I,RING,0,neg2x_initial_degree_matched,,MDM2,UBE2I,MDM2|UBE2I,True
E3|Q00987|Q8WWW0,E3|Q00987,E3,Q00987,Q8WWW0,MDM2,RASSF5,RING,0,neg2x_initial_degree_matched,,MDM2,RASSF5,MDM2|RASSF5,True
E3|Q00987|P17861,E3|Q00987,E3,Q00987,P17861,MDM2,XBP1,RING,0,neg2x_initial_degree_matched,,MDM2,XBP1,MDM2|XBP1,True
E3|Q00987|O94875,E3|Q00987,E3,Q00987,O94875,MDM2,SORBS2,RING,0,neg2x_initial_degree_matched,,MDM2,SORBS2,MDM2|SORBS2,True
E3|Q00987|O60566,E3|Q00987,E3,Q00987,O60566,MDM2,BUB1B,RING,0,neg2x_initial_degree_matched,,MDM2,BUB1B,BUB1B|MDM2,True
E3|Q00987|P10636,E3|Q00987,E3,Q00987,P10636,MDM2,MAPT,RING,0,neg2x_initial_degree_matched,,MDM2,MAPT,MAPT|MDM2,True
E3|Q05086|P00441,E3|Q05086,E3,Q05086,P00441,UBE3A,SOD1,SINGLE_OTHER,0,neg2x_initial_degree_matched,,UBE3A,SOD1,SOD1|UBE3A,True
E3|Q05086|Q13485,E3|Q05086,E3,Q05086,Q13485,UBE3A,SMAD4,SINGLE_OTHER,0,neg2x_initial_degree_matched,,UBE3A,SMAD4,SMAD4|UBE3A,True
E3|Q05086|P06493,E3|Q05086,E3,Q05086,P06493,UBE3A,CDK1,SINGLE_OTHER,0,neg2x_initial_degree_matched,,UBE3A,CDK1,CDK1|UBE3A,True
E3|Q12834|O43683,E3|Q12834,E3,Q12834,O43683,CDC20,BUB1,CDC20,0,neg2x_initial_degree_matched,,CDC20,BUB1,BUB1|CDC20,True
E3|Q12834|Q9UKT4,E3|Q12834,E3,Q12834,Q9UKT4,CDC20,FBXO5,CDC20,0,neg2x_initial_degree_matched,,CDC20,FBXO5,CDC20|FBXO5,True
E3|Q12834|P62714,E3|Q12834,E3,Q12834,P62714,CDC20,PPP2CB,CDC20,0,neg2x_initial_degree_matched,,CDC20,PPP2CB,CDC20|PPP2CB,True
E3|Q12834|O95071,E3|Q12834,E3,Q12834,O95071,CDC20,UBR5,CDC20,0,neg2x_initial_degree_matched,,CDC20,UBR5,CDC20|UBR5,True
E3|Q12933|Q13191,E3|Q12933,E3,Q12933,Q13191,TRAF2,CBLB,RING,0,neg2x_initial_degree_matched,,TRAF2,CBLB,CBLB|TRAF2,True
E3|Q12933|Q96GG9,E3|Q12933,E3,Q12933,Q96GG9,TRAF2,DCUN1D1,RING,0,neg2x_initial_degree_matched,,TRAF2,DCUN1D1,DCUN1D1|TRAF2,True
E3|Q12933|Q9HCM4,E3|Q12933,E3,Q12933,Q9HCM4,TRAF2,EPB41L5,RING,0,neg2x_initial_degree_matched,,TRAF2,EPB41L5,EPB41L5|TRAF2,True
E3|Q13049|P13569,E3|Q13049,E3,Q13049,P13569,TRIM32,CFTR,RING,0,neg2x_initial_degree_matched,,TRIM32,CFTR,CFTR|TRIM32,True
E3|Q13263|P35250,E3|Q13263,E3,Q13263,P35250,TRIM28,RFC2,RING,0,neg2x_initial_degree_matched,,TRIM28,RFC2,RFC2|TRIM28,True
E3|Q13309|P15927,E3|Q13309,E3,Q13309,P15927,SKP2,RPA2,F-box,0,neg2x_initial_degree_matched,,SKP2,RPA2,RPA2|SKP2,True
E3|Q13309|P34932,E3|Q13309,E3,Q13309,P34932,SKP2,HSPA4,F-box,0,neg2x_initial_degree_matched,,SKP2,HSPA4,HSPA4|SKP2,True
E3|Q13309|P27694,E3|Q13309,E3,Q13309,P27694,SKP2,RPA1,F-box,0,neg2x_initial_degree_matched,,SKP2,RPA1,RPA1|SKP2,True
E3|Q13309|O15519,E3|Q13309,E3,Q13309,O15519,SKP2,CFLAR,F-box,0,neg2x_initial_degree_matched,,SKP2,CFLAR,CFLAR|SKP2,True
E3|Q13309|P30291,E3|Q13309,E3,Q13309,P30291,SKP2,WEE1,F-box,0,neg2x_initial_degree_matched,,SKP2,WEE1,SKP2|WEE1,True
E3|Q13489|Q6GPH4,E3|Q13489,E3,Q13489,Q6GPH4,BIRC3,XAF1,RING,0,neg2x_initial_degree_matched,,BIRC3,XAF1,BIRC3|XAF1,True
E3|Q13489|Q9Y5K5,E3|Q13489,E3,Q13489,Q9Y5K5,BIRC3,UCHL5,RING,0,neg2x_initial_degree_matched,,BIRC3,UCHL5,BIRC3|UCHL5,True
E3|Q13489|P68036,E3|Q13489,E3,Q13489,P68036,BIRC3,UBE2L3,RING,0,neg2x_initial_degree_matched,,BIRC3,UBE2L3,BIRC3|UBE2L3,True
E3|Q13489|P00367,E3|Q13489,E3,Q13489,P00367,BIRC3,GLUD1,RING,0,neg2x_initial_degree_matched,,BIRC3,GLUD1,BIRC3|GLUD1,True
E3|Q13489|P98170,E3|Q13489,E3,Q13489,P98170,BIRC3,XIAP,RING,0,neg2x_initial_degree_matched,,BIRC3,XIAP,BIRC3|XIAP,True
E3|Q13489|O76021,E3|Q13489,E3,Q13489,O76021,BIRC3,RSL1D1,RING,0,neg2x_initial_degree_matched,,BIRC3,RSL1D1,BIRC3|RSL1D1,True
E3|Q13489|Q15022,E3|Q13489,E3,Q13489,Q15022,BIRC3,SUZ12,RING,0,neg2x_initial_degree_matched,,BIRC3,SUZ12,BIRC3|SUZ12,True
E3|Q13489|P55060,E3|Q13489,E3,Q13489,P55060,BIRC3,CSE1L,RING,0,neg2x_initial_degree_matched,,BIRC3,CSE1L,BIRC3|CSE1L,True
E3|Q13489|P35637,E3|Q13489,E3,Q13489,P35637,BIRC3,FUS,RING,0,neg2x_initial_degree_matched,,BIRC3,FUS,BIRC3|FUS,True
E3|Q13489|P19838,E3|Q13489,E3,Q13489,P19838,BIRC3,NFKB1,RING,0,neg2x_initial_degree_matched,,BIRC3,NFKB1,BIRC3|NFKB1,True
E3|Q13489|Q8WZ42,E3|Q13489,E3,Q13489,Q8WZ42,BIRC3,TTN,RING,0,neg2x_initial_degree_matched,,BIRC3,TTN,BIRC3|TTN,True
E3|Q13490|P23497,E3|Q13490,E3,Q13490,P23497,BIRC2,SP100,RING,0,neg2x_initial_degree_matched,,BIRC2,SP100,BIRC2|SP100,True
E3|Q14145|Q04725,E3|Q14145,E3,Q14145,Q04725,KEAP1,TLE2,BTB_3,0,neg2x_initial_degree_matched,,KEAP1,TLE2,KEAP1|TLE2,True
E3|Q14145|Q09472,E3|Q14145,E3,Q14145,Q09472,KEAP1,EP300,BTB_3,0,neg2x_initial_degree_matched,,KEAP1,EP300,EP300|KEAP1,True
E3|Q14145|Q16637,E3|Q14145,E3,Q14145,Q16637,KEAP1,SMN1,BTB_3,0,neg2x_initial_degree_matched,,KEAP1,SMN1,KEAP1|SMN1,True
E3|Q14258|Q01196,E3|Q14258,E3,Q14258,Q01196,TRIM25,RUNX1,RING,0,neg2x_initial_degree_matched,,TRIM25,RUNX1,RUNX1|TRIM25,True
E3|Q14258|Q14643,E3|Q14258,E3,Q14258,Q14643,TRIM25,ITPR1,RING,0,neg2x_initial_degree_matched,,TRIM25,ITPR1,ITPR1|TRIM25,True
E3|Q14258|O75909,E3|Q14258,E3,Q14258,O75909,TRIM25,CCNK,RING,0,neg2x_initial_degree_matched,,TRIM25,CCNK,CCNK|TRIM25,True
E3|Q14258|P11021,E3|Q14258,E3,Q14258,P11021,TRIM25,HSPA5,RING,0,neg2x_initial_degree_matched,,TRIM25,HSPA5,HSPA5|TRIM25,True
E3|Q14258|O15169,E3|Q14258,E3,Q14258,O15169,TRIM25,AXIN1,RING,0,neg2x_initial_degree_matched,,TRIM25,AXIN1,AXIN1|TRIM25,True
E3|Q14258|P49841,E3|Q14258,E3,Q14258,P49841,TRIM25,GSK3B,RING,0,neg2x_initial_degree_matched,,TRIM25,GSK3B,GSK3B|TRIM25,True
E3|Q5T6F0|Q9HAW4,E3|Q5T6F0,E3,Q5T6F0,Q9HAW4,DCAF12,CLSPN,DWD,0,neg2x_initial_degree_matched,,DCAF12,CLSPN,CLSPN|DCAF12,True
E3|Q5U5Q3|P11021,E3|Q5U5Q3,E3,Q5U5Q3,P11021,MEX3C,HSPA5,RING,0,neg2x_initial_degree_matched,,MEX3C,HSPA5,HSPA5|MEX3C,True
E3|Q5VTR2|P15927,E3|Q5VTR2,E3,Q5VTR2,P15927,RNF20,RPA2,RING,0,neg2x_initial_degree_matched,,RNF20,RPA2,RNF20|RPA2,True
E3|Q5XPI4|Q9Y2K6,E3|Q5XPI4,E3,Q5XPI4,Q9Y2K6,RNF123,USP20,RING,0,neg2x_initial_degree_matched,,RNF123,USP20,RNF123|USP20,True
E3|Q5XUX0|Q9UM11,E3|Q5XUX0,E3,Q5XUX0,Q9UM11,FBXO31,FZR1,F-box,0,neg2x_initial_degree_matched,,FBXO31,FZR1,FBXO31|FZR1,True
E3|Q7L5Y6|Q13950,E3|Q7L5Y6,E3,Q7L5Y6,Q13950,DET1,RUNX2,Other,0,neg2x_initial_degree_matched,,DET1,RUNX2,DET1|RUNX2,True
E3|Q7L5Y6|Q00987,E3|Q7L5Y6,E3,Q7L5Y6,Q00987,DET1,MDM2,Other,0,neg2x_initial_degree_matched,,DET1,MDM2,DET1|MDM2,True
E3|Q7Z6E9|Q16630,E3|Q7Z6E9,E3,Q7Z6E9,Q16630,RBBP6,CPSF6,RING,0,neg2x_initial_degree_matched,,RBBP6,CPSF6,CPSF6|RBBP6,True
E3|Q7Z6J0|P98174,E3|Q7Z6J0,E3,Q7Z6J0,P98174,SH3RF1,FGD1,RING,0,neg2x_initial_degree_matched,,SH3RF1,FGD1,FGD1|SH3RF1,True
E3|Q7Z6Z7|P19784,E3|Q7Z6Z7,E3,Q7Z6Z7,P19784,HUWE1,CSNK2A2,HECT,0,neg2x_initial_degree_matched,,HUWE1,CSNK2A2,CSNK2A2|HUWE1,True
E3|Q7Z6Z7|P55036,E3|Q7Z6Z7,E3,Q7Z6Z7,P55036,HUWE1,PSMD4,HECT,0,neg2x_initial_degree_matched,,HUWE1,PSMD4,HUWE1|PSMD4,True
E3|Q7Z6Z7|P68363,E3|Q7Z6Z7,E3,Q7Z6Z7,P68363,HUWE1,TUBA1B,HECT,0,neg2x_initial_degree_matched,,HUWE1,TUBA1B,HUWE1|TUBA1B,True
E3|Q7Z6Z7|P16949,E3|Q7Z6Z7,E3,Q7Z6Z7,P16949,HUWE1,STMN1,HECT,0,neg2x_initial_degree_matched,,HUWE1,STMN1,HUWE1|STMN1,True
E3|Q7Z6Z7|P63000,E3|Q7Z6Z7,E3,Q7Z6Z7,P63000,HUWE1,RAC1,HECT,0,neg2x_initial_degree_matched,,HUWE1,RAC1,HUWE1|RAC1,True
E3|Q7Z6Z7|P36888,E3|Q7Z6Z7,E3,Q7Z6Z7,P36888,HUWE1,FLT3,HECT,0,neg2x_initial_degree_matched,,HUWE1,FLT3,FLT3|HUWE1,True
E3|Q7Z6Z7|Q16186,E3|Q7Z6Z7,E3,Q7Z6Z7,Q16186,HUWE1,ADRM1,HECT,0,neg2x_initial_degree_matched,,HUWE1,ADRM1,ADRM1|HUWE1,True
E3|Q7Z6Z7|Q99755,E3|Q7Z6Z7,E3,Q7Z6Z7,Q99755,HUWE1,PIP5K1A,HECT,0,neg2x_initial_degree_matched,,HUWE1,PIP5K1A,HUWE1|PIP5K1A,True
E3|Q7Z6Z7|P07355,E3|Q7Z6Z7,E3,Q7Z6Z7,P07355,HUWE1,ANXA2,HECT,0,neg2x_initial_degree_matched,,HUWE1,ANXA2,ANXA2|HUWE1,True
E3|Q7Z6Z7|O60343,E3|Q7Z6Z7,E3,Q7Z6Z7,O60343,HUWE1,TBC1D4,HECT,0,neg2x_initial_degree_matched,,HUWE1,TBC1D4,HUWE1|TBC1D4,True
E3|Q7Z6Z7|P05771,E3|Q7Z6Z7,E3,Q7Z6Z7,P05771,HUWE1,PRKCB,HECT,0,neg2x_initial_degree_matched,,HUWE1,PRKCB,HUWE1|PRKCB,True
E3|Q7Z6Z7|Q12906,E3|Q7Z6Z7,E3,Q7Z6Z7,Q12906,HUWE1,ILF3,HECT,0,neg2x_initial_degree_matched,,HUWE1,ILF3,HUWE1|ILF3,True
E3|Q7Z6Z7|P11021,E3|Q7Z6Z7,E3,Q7Z6Z7,P11021,HUWE1,HSPA5,HECT,0,neg2x_initial_degree_matched,,HUWE1,HSPA5,HSPA5|HUWE1,True
E3|Q7Z6Z7|Q00987,E3|Q7Z6Z7,E3,Q7Z6Z7,Q00987,HUWE1,MDM2,HECT,0,neg2x_initial_degree_matched,,HUWE1,MDM2,HUWE1|MDM2,True
E3|Q7Z6Z7|O14579,E3|Q7Z6Z7,E3,Q7Z6Z7,O14579,HUWE1,COPE,HECT,0,neg2x_initial_degree_matched,,HUWE1,COPE,COPE|HUWE1,True
E3|Q7Z6Z7|P34897,E3|Q7Z6Z7,E3,Q7Z6Z7,P34897,HUWE1,SHMT2,HECT,0,neg2x_initial_degree_matched,,HUWE1,SHMT2,HUWE1|SHMT2,True
E3|Q7Z6Z7|P50991,E3|Q7Z6Z7,E3,Q7Z6Z7,P50991,HUWE1,CCT4,HECT,0,neg2x_initial_degree_matched,,HUWE1,CCT4,CCT4|HUWE1,True
E3|Q8IUQ4|O95817,E3|Q8IUQ4,E3,Q8IUQ4,O95817,SIAH1,BAG3,RING,0,neg2x_initial_degree_matched,,SIAH1,BAG3,BAG3|SIAH1,True
E3|Q8IUQ4|Q9BUZ4,E3|Q8IUQ4,E3,Q8IUQ4,Q9BUZ4,SIAH1,TRAF4,RING,0,neg2x_initial_degree_matched,,SIAH1,TRAF4,SIAH1|TRAF4,True
E3|Q8IYW5|Q969T9,E3|Q8IYW5,E3,Q8IYW5,Q969T9,RNF168,WBP2,RING,0,neg2x_initial_degree_matched,,RNF168,WBP2,RNF168|WBP2,True
E3|Q8N448|Q8WY64,E3|Q8N448,E3,Q8N448,Q8WY64,LNX2,MYLIP,RING,0,neg2x_initial_degree_matched,,LNX2,MYLIP,LNX2|MYLIP,True
E3|Q8NC42|Q9NV92,E3|Q8NC42,E3,Q8NC42,Q9NV92,RNF149,NDFIP2,RING,0,neg2x_initial_degree_matched,,RNF149,NDFIP2,NDFIP2|RNF149,True
E3|Q8NG27|P50579,E3|Q8NG27,E3,Q8NG27,P50579,PJA1,METAP2,RING,0,neg2x_initial_degree_matched,,PJA1,METAP2,METAP2|PJA1,True
E3|Q8TBB1|Q00987,E3|Q8TBB1,E3,Q8TBB1,Q00987,LNX1,MDM2,RING,0,neg2x_initial_degree_matched,,LNX1,MDM2,LNX1|MDM2,True
E3|Q969H0|Q9NQB0,E3|Q969H0,E3,Q969H0,Q9NQB0,FBXW7,TCF7L2,F-box,0,neg2x_initial_degree_matched,,FBXW7,TCF7L2,FBXW7|TCF7L2,True
E3|Q969H0|Q6UVJ0,E3|Q969H0,E3,Q969H0,Q6UVJ0,FBXW7,SASS6,F-box,0,neg2x_initial_degree_matched,,FBXW7,SASS6,FBXW7|SASS6,True
E3|Q969H0|Q96FW1,E3|Q969H0,E3,Q969H0,Q96FW1,FBXW7,OTUB1,F-box,0,neg2x_initial_degree_matched,,FBXW7,OTUB1,FBXW7|OTUB1,True
E3|Q969H0|Q96ST3,E3|Q969H0,E3,Q969H0,Q96ST3,FBXW7,SIN3A,F-box,0,neg2x_initial_degree_matched,,FBXW7,SIN3A,FBXW7|SIN3A,True
E3|Q969H0|Q92630,E3|Q969H0,E3,Q969H0,Q92630,FBXW7,DYRK2,F-box,0,neg2x_initial_degree_matched,,FBXW7,DYRK2,DYRK2|FBXW7,True
E3|Q969H0|Q96QK1,E3|Q969H0,E3,Q969H0,Q96QK1,FBXW7,VPS35,F-box,0,neg2x_initial_degree_matched,,FBXW7,VPS35,FBXW7|VPS35,True
E3|Q969H0|P26358,E3|Q969H0,E3,Q969H0,P26358,FBXW7,DNMT1,F-box,0,neg2x_initial_degree_matched,,FBXW7,DNMT1,DNMT1|FBXW7,True
E3|Q969H0|Q09666,E3|Q969H0,E3,Q969H0,Q09666,FBXW7,AHNAK,F-box,0,neg2x_initial_degree_matched,,FBXW7,AHNAK,AHNAK|FBXW7,True
E3|Q969H0|Q7Z6Z7,E3|Q969H0,E3,Q969H0,Q7Z6Z7,FBXW7,HUWE1,F-box,0,neg2x_initial_degree_matched,,FBXW7,HUWE1,FBXW7|HUWE1,True
E3|Q969H0|Q9UHD2,E3|Q969H0,E3,Q969H0,Q9UHD2,FBXW7,TBK1,F-box,0,neg2x_initial_degree_matched,,FBXW7,TBK1,FBXW7|TBK1,True
E3|Q969H0|P19474,E3|Q969H0,E3,Q969H0,P19474,FBXW7,TRIM21,F-box,0,neg2x_initial_degree_matched,,FBXW7,TRIM21,FBXW7|TRIM21,True
E3|Q969Q1|Q5BJF6,E3|Q969Q1,E3,Q969Q1,Q5BJF6,TRIM63,ODF2,RING,0,neg2x_initial_degree_matched,,TRIM63,ODF2,ODF2|TRIM63,True
E3|Q96J02|P63000,E3|Q96J02,E3,Q96J02,P63000,ITCH,RAC1,HECT,0,neg2x_initial_degree_matched,,ITCH,RAC1,ITCH|RAC1,True
E3|Q96J02|O15431,E3|Q96J02,E3,Q96J02,O15431,ITCH,SLC31A1,HECT,0,neg2x_initial_degree_matched,,ITCH,SLC31A1,ITCH|SLC31A1,True
E3|Q96J02|P31947,E3|Q96J02,E3,Q96J02,P31947,ITCH,SFN,HECT,0,neg2x_initial_degree_matched,,ITCH,SFN,ITCH|SFN,True
E3|Q96J02|P24928,E3|Q96J02,E3,Q96J02,P24928,ITCH,POLR2A,HECT,0,neg2x_initial_degree_matched,,ITCH,POLR2A,ITCH|POLR2A,True
E3|Q96PU5|P11021,E3|Q96PU5,E3,Q96PU5,P11021,NEDD4L,HSPA5,HECT,0,neg2x_initial_degree_matched,,NEDD4L,HSPA5,HSPA5|NEDD4L,True
E3|Q96PU5|Q5T7V8,E3|Q96PU5,E3,Q96PU5,Q5T7V8,NEDD4L,GORAB,HECT,0,neg2x_initial_degree_matched,,NEDD4L,GORAB,GORAB|NEDD4L,True
E3|Q96PU5|Q9Y2U5,E3|Q96PU5,E3,Q96PU5,Q9Y2U5,NEDD4L,MAP3K2,HECT,0,neg2x_initial_degree_matched,,NEDD4L,MAP3K2,MAP3K2|NEDD4L,True
E3|Q96PU5|Q569H4,E3|Q96PU5,E3,Q96PU5,Q569H4,NEDD4L,PRR16,HECT,0,neg2x_initial_degree_matched,,NEDD4L,PRR16,NEDD4L|PRR16,True
E3|Q96PU5|P00533,E3|Q96PU5,E3,Q96PU5,P00533,NEDD4L,EGFR,HECT,0,neg2x_initial_degree_matched,,NEDD4L,EGFR,EGFR|NEDD4L,True
E3|Q96PU5|Q13887,E3|Q96PU5,E3,Q96PU5,Q13887,NEDD4L,KLF5,HECT,0,neg2x_initial_degree_matched,,NEDD4L,KLF5,KLF5|NEDD4L,True
E3|Q96T88|Q13263,E3|Q96T88,E3,Q96T88,Q13263,UHRF1,TRIM28,RING,0,neg2x_initial_degree_matched,,UHRF1,TRIM28,TRIM28|UHRF1,True
E3|Q99728|P49585,E3|Q99728,E3,Q99728,P49585,BARD1,PCYT1A,RING,0,neg2x_initial_degree_matched,,BARD1,PCYT1A,BARD1|PCYT1A,True
E3|Q9BYM8|Q9H8M7,E3|Q9BYM8,E3,Q9BYM8,Q9H8M7,RBCK1,FAM188A,RING,0,neg2x_initial_degree_matched,,RBCK1,FAM188A,FAM188A|RBCK1,True
E3|Q9BZR9|Q9C026,E3|Q9BZR9,E3,Q9BZR9,Q9C026,TRIM8,TRIM9,RING,0,neg2x_initial_degree_matched,,TRIM8,TRIM9,TRIM8|TRIM9,True
E3|Q9C029|P11021,E3|Q9C029,E3,Q9C029,P11021,TRIM7,HSPA5,RING,0,neg2x_initial_degree_matched,,TRIM7,HSPA5,HSPA5|TRIM7,True
E3|Q9C037|Q9GZV5,E3|Q9C037,E3,Q9C037,Q9GZV5,TRIM4,WWTR1,RING,0,neg2x_initial_degree_matched,,TRIM4,WWTR1,TRIM4|WWTR1,True
E3|Q9C0C9|Q14444,E3|Q9C0C9,E3,Q9C0C9,Q14444,UBE2O,CAPRIN1,Other,0,neg2x_initial_degree_matched,,UBE2O,CAPRIN1,CAPRIN1|UBE2O,True
E3|Q9H0M0|P11686,E3|Q9H0M0,E3,Q9H0M0,P11686,WWP1,SFTPC,HECT,0,neg2x_initial_degree_matched,,WWP1,SFTPC,SFTPC|WWP1,True
E3|Q9H0M0|P61077,E3|Q9H0M0,E3,Q9H0M0,P61077,WWP1,UBE2D3,HECT,0,neg2x_initial_degree_matched,,WWP1,UBE2D3,UBE2D3|WWP1,True
E3|Q9HAU4|P51668,E3|Q9HAU4,E3,Q9HAU4,P51668,SMURF2,UBE2D1,HECT,0,neg2x_initial_degree_matched,,SMURF2,UBE2D1,SMURF2|UBE2D1,True
E3|Q9HAU4|O95835,E3|Q9HAU4,E3,Q9HAU4,O95835,SMURF2,LATS1,HECT,0,neg2x_initial_degree_matched,,SMURF2,LATS1,LATS1|SMURF2,True
E3|Q9HCE7|P21333,E3|Q9HCE7,E3,Q9HCE7,P21333,SMURF1,FLNA,HECT,0,neg2x_initial_degree_matched,,SMURF1,FLNA,FLNA|SMURF1,True
E3|Q9HCE7|P42224,E3|Q9HCE7,E3,Q9HCE7,P42224,SMURF1,STAT1,HECT,0,neg2x_initial_degree_matched,,SMURF1,STAT1,SMURF1|STAT1,True
E3|Q9HCE7|Q9BT67,E3|Q9HCE7,E3,Q9HCE7,Q9BT67,SMURF1,NDFIP1,HECT,0,neg2x_initial_degree_matched,,SMURF1,NDFIP1,NDFIP1|SMURF1,True
E3|Q9HCE7|P17275,E3|Q9HCE7,E3,Q9HCE7,P17275,SMURF1,JUNB,HECT,0,neg2x_initial_degree_matched,,SMURF1,JUNB,JUNB|SMURF1,True
E3|Q9HCE7|P50991,E3|Q9HCE7,E3,Q9HCE7,P50991,SMURF1,CCT4,HECT,0,neg2x_initial_degree_matched,,SMURF1,CCT4,CCT4|SMURF1,True
E3|Q9HCE7|P00533,E3|Q9HCE7,E3,Q9HCE7,P00533,SMURF1,EGFR,HECT,0,neg2x_initial_degree_matched,,SMURF1,EGFR,EGFR|SMURF1,True
E3|Q9HCE7|Q9BQ95,E3|Q9HCE7,E3,Q9HCE7,Q9BQ95,SMURF1,ECSIT,HECT,0,neg2x_initial_degree_matched,,SMURF1,ECSIT,ECSIT|SMURF1,True
E3|Q9HCE7|O15294,E3|Q9HCE7,E3,Q9HCE7,O15294,SMURF1,OGT,HECT,0,neg2x_initial_degree_matched,,SMURF1,OGT,OGT|SMURF1,True
E3|Q9HCE7|Q16630,E3|Q9HCE7,E3,Q9HCE7,Q16630,SMURF1,CPSF6,HECT,0,neg2x_initial_degree_matched,,SMURF1,CPSF6,CPSF6|SMURF1,True
E3|Q9HCE7|P11142,E3|Q9HCE7,E3,Q9HCE7,P11142,SMURF1,HSPA8,HECT,0,neg2x_initial_degree_matched,,SMURF1,HSPA8,HSPA8|SMURF1,True
E3|Q9HCE7|P08107,E3|Q9HCE7,E3,Q9HCE7,P08107,SMURF1,HSPA1A,HECT,0,neg2x_initial_degree_matched,,SMURF1,HSPA1A,HSPA1A|SMURF1,True
E3|Q9HCE7|P07437,E3|Q9HCE7,E3,Q9HCE7,P07437,SMURF1,TUBB,HECT,0,neg2x_initial_degree_matched,,SMURF1,TUBB,SMURF1|TUBB,True
E3|Q9HCE7|Q13761,E3|Q9HCE7,E3,Q9HCE7,Q13761,SMURF1,RUNX3,HECT,0,neg2x_initial_degree_matched,,SMURF1,RUNX3,RUNX3|SMURF1,True
E3|Q9HCE7|P19338,E3|Q9HCE7,E3,Q9HCE7,P19338,SMURF1,NCL,HECT,0,neg2x_initial_degree_matched,,SMURF1,NCL,NCL|SMURF1,True
E3|Q9HCE7|Q9Y4E8,E3|Q9HCE7,E3,Q9HCE7,Q9Y4E8,SMURF1,USP15,HECT,0,neg2x_initial_degree_matched,,SMURF1,USP15,SMURF1|USP15,True
E3|Q9HCE7|P68036,E3|Q9HCE7,E3,Q9HCE7,P68036,SMURF1,UBE2L3,HECT,0,neg2x_initial_degree_matched,,SMURF1,UBE2L3,SMURF1|UBE2L3,True
E3|Q9HCE7|Q13601,E3|Q9HCE7,E3,Q9HCE7,Q13601,SMURF1,KRR1,HECT,0,neg2x_initial_degree_matched,,SMURF1,KRR1,KRR1|SMURF1,True
E3|Q9HCE7|Q9P219,E3|Q9HCE7,E3,Q9HCE7,Q9P219,SMURF1,CCDC88C,HECT,0,neg2x_initial_degree_matched,,SMURF1,CCDC88C,CCDC88C|SMURF1,True
E3|Q9NS91|P52789,E3|Q9NS91,E3,Q9NS91,P52789,RAD18,HK2,RING,0,neg2x_initial_degree_matched,,RAD18,HK2,HK2|RAD18,True
E3|Q9UBS8|P15923,E3|Q9UBS8,E3,Q9UBS8,P15923,RNF14,TCF3,RING,0,neg2x_initial_degree_matched,,RNF14,TCF3,RNF14|TCF3,True
E3|Q9UHC7|P11388,E3|Q9UHC7,E3,Q9UHC7,P11388,MKRN1,TOP2A,RING,0,neg2x_initial_degree_matched,,MKRN1,TOP2A,MKRN1|TOP2A,True
E3|Q9UHC7|Q6ZN17,E3|Q9UHC7,E3,Q9UHC7,Q6ZN17,MKRN1,LIN28B,RING,0,neg2x_initial_degree_matched,,MKRN1,LIN28B,LIN28B|MKRN1,True
E3|Q9UK22|P08069,E3|Q9UK22,E3,Q9UK22,P08069,FBXO2,IGF1R,Other,0,neg2x_initial_degree_matched,,FBXO2,IGF1R,FBXO2|IGF1R,True
E3|Q9UKB1|Q9C0C7,E3|Q9UKB1,E3,Q9UKB1,Q9C0C7,FBXW11,AMBRA1,F-box,0,neg2x_initial_degree_matched,,FBXW11,AMBRA1,AMBRA1|FBXW11,True
E3|Q9UKB1|P11940,E3|Q9UKB1,E3,Q9UKB1,P11940,FBXW11,PABPC1,F-box,0,neg2x_initial_degree_matched,,FBXW11,PABPC1,FBXW11|PABPC1,True
E3|Q9UKB1|O15294,E3|Q9UKB1,E3,Q9UKB1,O15294,FBXW11,OGT,F-box,0,neg2x_initial_degree_matched,,FBXW11,OGT,FBXW11|OGT,True
E3|Q9UKB1|P10071,E3|Q9UKB1,E3,Q9UKB1,P10071,FBXW11,GLI3,F-box,0,neg2x_initial_degree_matched,,FBXW11,GLI3,FBXW11|GLI3,True
E3|Q9ULV8|P61077,E3|Q9ULV8,E3,Q9ULV8,P61077,CBLC,UBE2D3,RING,0,neg2x_initial_degree_matched,,CBLC,UBE2D3,CBLC|UBE2D3,True
E3|Q9UM11|P78527,E3|Q9UM11,E3,Q9UM11,P78527,FZR1,PRKDC,CDC20,0,neg2x_initial_degree_matched,,FZR1,PRKDC,FZR1|PRKDC,True
E3|Q9UM11|Q9BVP2,E3|Q9UM11,E3,Q9UM11,Q9BVP2,FZR1,GNL3,CDC20,0,neg2x_initial_degree_matched,,FZR1,GNL3,FZR1|GNL3,True
E3|Q9UM11|Q14103,E3|Q9UM11,E3,Q9UM11,Q14103,FZR1,HNRNPD,CDC20,0,neg2x_initial_degree_matched,,FZR1,HNRNPD,FZR1|HNRNPD,True
E3|Q9UM11|Q9H211,E3|Q9UM11,E3,Q9UM11,Q9H211,FZR1,CDT1,CDC20,0,neg2x_initial_degree_matched,,FZR1,CDT1,CDT1|FZR1,True
E3|Q9UM11|P05412,E3|Q9UM11,E3,Q9UM11,P05412,FZR1,JUN,CDC20,0,neg2x_initial_degree_matched,,FZR1,JUN,FZR1|JUN,True
E3|Q9UM11|Q99497,E3|Q9UM11,E3,Q9UM11,Q99497,FZR1,PARK7,CDC20,0,neg2x_initial_degree_matched,,FZR1,PARK7,FZR1|PARK7,True
E3|Q9UM11|P54652,E3|Q9UM11,E3,Q9UM11,P54652,FZR1,HSPA2,CDC20,0,neg2x_initial_degree_matched,,FZR1,HSPA2,FZR1|HSPA2,True
E3|Q9UMS4|Q06124,E3|Q9UMS4,E3,Q9UMS4,Q06124,PRPF19,PTPN11,DWD,0,neg2x_initial_degree_matched,,PRPF19,PTPN11,PRPF19|PTPN11,True
E3|Q9UMS4|Q16666,E3|Q9UMS4,E3,Q9UMS4,Q16666,PRPF19,IFI16,DWD,0,neg2x_initial_degree_matched,,PRPF19,IFI16,IFI16|PRPF19,True
E3|Q9UNE7|Q96M98,E3|Q9UNE7,E3,Q9UNE7,Q96M98,STUB1,PACRG,UBOX,0,neg2x_initial_degree_matched,,STUB1,PACRG,PACRG|STUB1,True
E3|Q9UNE7|P27361,E3|Q9UNE7,E3,Q9UNE7,P27361,STUB1,MAPK3,UBOX,0,neg2x_initial_degree_matched,,STUB1,MAPK3,MAPK3|STUB1,True
E3|Q9UNE7|O60260,E3|Q9UNE7,E3,Q9UNE7,O60260,STUB1,PARK2,UBOX,0,neg2x_initial_degree_matched,,STUB1,PARK2,PARK2|STUB1,True
E3|Q9UNE7|P09874,E3|Q9UNE7,E3,Q9UNE7,P09874,STUB1,PARP1,UBOX,0,neg2x_initial_degree_matched,,STUB1,PARP1,PARP1|STUB1,True
E3|Q9UNE7|Q13422,E3|Q9UNE7,E3,Q9UNE7,Q13422,STUB1,IKZF1,UBOX,0,neg2x_initial_degree_matched,,STUB1,IKZF1,IKZF1|STUB1,True
E3|Q9UNE7|P46100,E3|Q9UNE7,E3,Q9UNE7,P46100,STUB1,ATRX,UBOX,0,neg2x_initial_degree_matched,,STUB1,ATRX,ATRX|STUB1,True
E3|Q9UNE7|Q9BYF1,E3|Q9UNE7,E3,Q9UNE7,Q9BYF1,STUB1,ACE2,UBOX,0,neg2x_initial_degree_matched,,STUB1,ACE2,ACE2|STUB1,True
E3|Q9UNE7|Q93009,E3|Q9UNE7,E3,Q9UNE7,Q93009,STUB1,USP7,UBOX,0,neg2x_initial_degree_matched,,STUB1,USP7,STUB1|USP7,True
E3|Q9UNE7|Q8IWX7,E3|Q9UNE7,E3,Q9UNE7,Q8IWX7,STUB1,UNC45B,UBOX,0,neg2x_initial_degree_matched,,STUB1,UNC45B,STUB1|UNC45B,True
E3|Q9UNE7|P21796,E3|Q9UNE7,E3,Q9UNE7,P21796,STUB1,VDAC1,UBOX,0,neg2x_initial_degree_matched,,STUB1,VDAC1,STUB1|VDAC1,True
E3|Q9UNE7|P46934,E3|Q9UNE7,E3,Q9UNE7,P46934,STUB1,NEDD4,UBOX,0,neg2x_initial_degree_matched,,STUB1,NEDD4,NEDD4|STUB1,True
E3|Q9UNE7|O60346,E3|Q9UNE7,E3,Q9UNE7,O60346,STUB1,PHLPP1,UBOX,0,neg2x_initial_degree_matched,,STUB1,PHLPP1,PHLPP1|STUB1,True
E3|Q9UNE7|P54652,E3|Q9UNE7,E3,Q9UNE7,P54652,STUB1,HSPA2,UBOX,0,neg2x_initial_degree_matched,,STUB1,HSPA2,HSPA2|STUB1,True
E3|Q9UNE7|P05067,E3|Q9UNE7,E3,Q9UNE7,P05067,STUB1,APP,UBOX,0,neg2x_initial_degree_matched,,STUB1,APP,APP|STUB1,True
E3|Q9UNE7|P19838,E3|Q9UNE7,E3,Q9UNE7,P19838,STUB1,NFKB1,UBOX,0,neg2x_initial_degree_matched,,STUB1,NFKB1,NFKB1|STUB1,True
E3|Q9UNE7|O94761,E3|Q9UNE7,E3,Q9UNE7,O94761,STUB1,RECQL4,UBOX,0,neg2x_initial_degree_matched,,STUB1,RECQL4,RECQL4|STUB1,True
E3|Q9UNE7|Q13158,E3|Q9UNE7,E3,Q9UNE7,Q13158,STUB1,FADD,UBOX,0,neg2x_initial_degree_matched,,STUB1,FADD,FADD|STUB1,True
E3|Q9Y297|Q9UPP1,E3|Q9Y297,E3,Q9Y297,Q9UPP1,BTRC,PHF8,F-box,0,neg2x_initial_degree_matched,,BTRC,PHF8,BTRC|PHF8,True
E3|Q9Y297|Q9Y4E8,E3|Q9Y297,E3,Q9Y297,Q9Y4E8,BTRC,USP15,F-box,0,neg2x_initial_degree_matched,,BTRC,USP15,BTRC|USP15,True
E3|Q9Y297|P08195,E3|Q9Y297,E3,Q9Y297,P08195,BTRC,SLC3A2,F-box,0,neg2x_initial_degree_matched,,BTRC,SLC3A2,BTRC|SLC3A2,True
E3|Q9Y297|P11021,E3|Q9Y297,E3,Q9Y297,P11021,BTRC,HSPA5,F-box,0,neg2x_initial_degree_matched,,BTRC,HSPA5,BTRC|HSPA5,True
E3|Q9Y297|Q8WWW0,E3|Q9Y297,E3,Q9Y297,Q8WWW0,BTRC,RASSF5,F-box,0,neg2x_initial_degree_matched,,BTRC,RASSF5,BTRC|RASSF5,True
E3|Q9Y297|P01857,E3|Q9Y297,E3,Q9Y297,P01857,BTRC,IGHG1,F-box,0,neg2x_initial_degree_matched,,BTRC,IGHG1,BTRC|IGHG1,True
E3|Q9Y297|Q9NZQ7,E3|Q9Y297,E3,Q9Y297,Q9NZQ7,BTRC,CD274,F-box,0,neg2x_initial_degree_matched,,BTRC,CD274,BTRC|CD274,True
E3|Q9Y297|Q96IZ0,E3|Q9Y297,E3,Q9Y297,Q96IZ0,BTRC,PAWR,F-box,0,neg2x_initial_degree_matched,,BTRC,PAWR,BTRC|PAWR,True
E3|Q9Y297|P08107,E3|Q9Y297,E3,Q9Y297,P08107,BTRC,HSPA1A,F-box,0,neg2x_initial_degree_matched,,BTRC,HSPA1A,BTRC|HSPA1A,True
E3|Q9Y297|P07333,E3|Q9Y297,E3,Q9Y297,P07333,BTRC,CSF1R,F-box,0,neg2x_initial_degree_matched,,BTRC,CSF1R,BTRC|CSF1R,True
E3|Q9Y297|P25440,E3|Q9Y297,E3,Q9Y297,P25440,BTRC,BRD2,F-box,0,neg2x_initial_degree_matched,,BTRC,BRD2,BRD2|BTRC,True
E3|Q9Y297|Q7L8J4,E3|Q9Y297,E3,Q9Y297,Q7L8J4,BTRC,SH3BP5L,F-box,0,neg2x_initial_degree_matched,,BTRC,SH3BP5L,BTRC|SH3BP5L,True
E3|Q9Y297|Q9UHD2,E3|Q9Y297,E3,Q9Y297,Q9UHD2,BTRC,TBK1,F-box,0,neg2x_initial_degree_matched,,BTRC,TBK1,BTRC|TBK1,True
E3|Q9Y297|Q14258,E3|Q9Y297,E3,Q9Y297,Q14258,BTRC,TRIM25,F-box,0,neg2x_initial_degree_matched,,BTRC,TRIM25,BTRC|TRIM25,True
E3|Q9Y297|P37173,E3|Q9Y297,E3,Q9Y297,P37173,BTRC,TGFBR2,F-box,0,neg2x_initial_degree_matched,,BTRC,TGFBR2,BTRC|TGFBR2,True
E3|Q9Y297|Q66K74,E3|Q9Y297,E3,Q9Y297,Q66K74,BTRC,MAP1S,F-box,0,neg2x_initial_degree_matched,,BTRC,MAP1S,BTRC|MAP1S,True
E3|Q9Y297|O14757,E3|Q9Y297,E3,Q9Y297,O14757,BTRC,CHEK1,F-box,0,neg2x_initial_degree_matched,,BTRC,CHEK1,BTRC|CHEK1,True
E3|Q9Y297|P19474,E3|Q9Y297,E3,Q9Y297,P19474,BTRC,TRIM21,F-box,0,neg2x_initial_degree_matched,,BTRC,TRIM21,BTRC|TRIM21,True
E3|Q9Y4K3|Q9BZY9,E3|Q9Y4K3,E3,Q9Y4K3,Q9BZY9,TRAF6,TRIM31,RING,0,neg2x_initial_degree_matched,,TRAF6,TRIM31,TRAF6|TRIM31,True
E3|Q9Y4K3|P22694,E3|Q9Y4K3,E3,Q9Y4K3,P22694,TRAF6,PRKACB,RING,0,neg2x_initial_degree_matched,,TRAF6,PRKACB,PRKACB|TRAF6,True
