pair_id,enzyme_class,enz_node,sub_node,enz_ac,sub_ac,enz_gene,sub_gene,is_known_pair,prob_hgt_fold0,prob_hgt_fold1,prob_hgt_fold2,prob_hgt_fold3,prob_hgt_fold4,prob_hgt_mean,prob_hgt_std,suspicious_enzyme
DUB|Q9Y4E8|P45983,DUB,492,1837,Q9Y4E8,P45983,USP15,MAPK8,False,0.99544686,0.99482685,0.9962943,0.9961696,0.991943,0.9949361,0.0017746688,False
DUB|Q9Y4E8|Q15831,DUB,492,1130,Q9Y4E8,Q15831,USP15,STK11,False,0.99564713,0.9947798,0.9962276,0.9960163,0.991979,0.99492997,0.0017399093,False
DUB|Q9Y4E8|P27361,DUB,492,1101,Q9Y4E8,P27361,USP15,MAPK3,False,0.99557436,0.99480903,0.99620986,0.9961188,0.99192977,0.99492836,0.0017665252,False
DUB|Q9Y4E8|P31749,DUB,492,671,Q9Y4E8,P31749,USP15,AKT1,False,0.99532264,0.99482083,0.9962942,0.9961163,0.99202216,0.9949152,0.0017240107,False
DUB|Q9Y4E8|P23443,DUB,492,943,Q9Y4E8,P23443,USP15,RPS6KB1,False,0.99528545,0.9947212,0.99634725,0.9961449,0.99203694,0.9949071,0.001733616,False
DUB|Q9Y4E8|P01100,DUB,492,1390,Q9Y4E8,P01100,USP15,FOS,False,0.99566025,0.99498147,0.9960884,0.9960472,0.9917442,0.99490434,0.0018215233,False
E3|Q12834|P04637,E3,99,528,Q12834,P04637,CDC20,TP53,False,0.99544275,0.9950954,0.99613637,0.99607337,0.99167085,0.9948837,0.0018482589,False
DUB|Q9Y4E8|Q00613,DUB,492,1451,Q9Y4E8,Q00613,USP15,HSF1,False,0.995634,0.9949393,0.995994,0.99595815,0.9918732,0.9948797,0.0017332211,False
DUB|Q9Y4E8|O14757,DUB,492,1268,Q9Y4E8,O14757,USP15,CHEK1,False,0.99561644,0.99479973,0.99595696,0.9959972,0.99191916,0.9948579,0.0017117873,False
DUB|Q14694|P27361,DUB,436,1101,Q14694,P27361,USP10,MAPK3,False,0.99566525,0.9950701,0.9959533,0.9958246,0.9917759,0.9948578,0.0017557165,False
DUB|Q9Y4E8|O43683,DUB,492,1831,Q9Y4E8,O43683,USP15,BUB1,False,0.99578565,0.9947352,0.99595296,0.9958931,0.9918901,0.9948514,0.0017287582,False
DUB|Q9Y4E8|P36956,DUB,492,1446,Q9Y4E8,P36956,USP15,SREBF1,False,0.9955922,0.99489033,0.99618703,0.99587303,0.99170727,0.99485,0.0018209534,False
DUB|Q9Y4E8|P04637,DUB,492,528,Q9Y4E8,P04637,USP15,TP53,False,0.99531823,0.99489766,0.99630594,0.9960289,0.9916992,0.99485,0.0018478711,False
DUB|Q14694|P22736,DUB,436,670,Q14694,P22736,USP10,NR4A1,False,0.9957497,0.99512875,0.99619836,0.9956365,0.9915121,0.9948451,0.0019016565,False
DUB|Q9Y4E8|P22736,DUB,492,670,Q9Y4E8,P22736,USP15,NR4A1,False,0.99560875,0.99490595,0.996221,0.9959709,0.9914989,0.9948411,0.0019329039,False
DUB|Q9Y4E8|O95271,DUB,492,1741,Q9Y4E8,O95271,USP15,TNKS,False,0.9955947,0.99496526,0.9963399,0.9958145,0.9914829,0.9948395,0.0019400171,False
DUB|Q9Y4E8|Q9H2K2,DUB,492,1745,Q9Y4E8,Q9H2K2,USP15,TNKS2,False,0.99532014,0.9949189,0.9963941,0.9959781,0.991573,0.9948368,0.0019118502,False
DUB|Q14694|P45983,DUB,436,1837,Q14694,P45983,USP10,MAPK8,False,0.99533135,0.9950606,0.9961248,0.9958478,0.9918183,0.9948366,0.001738324,False
DUB|Q9Y4E8|P14635,DUB,492,497,Q9Y4E8,P14635,USP15,CCNB1,False,0.9957343,0.99460065,0.99595946,0.99591583,0.99196976,0.99483603,0.0016960092,False
DUB|Q9Y4E8|Q01844,DUB,492,1953,Q9Y4E8,Q01844,USP15,EWSR1,False,0.9953473,0.99498343,0.9962586,0.9959592,0.99158186,0.99482614,0.0018813298,False
DUB|Q9Y4E8|P03372,DUB,492,586,Q9Y4E8,P03372,USP15,ESR1,False,0.99539375,0.9947855,0.99617356,0.9959965,0.99177855,0.99482554,0.0017886343,False
DUB|Q9Y4E8|Q14653,DUB,492,503,Q9Y4E8,Q14653,USP15,IRF3,False,0.9951475,0.99483734,0.99630797,0.9960245,0.99180263,0.99482405,0.0017942161,False
DUB|Q9Y4E8|Q96EB6,DUB,492,1397,Q9Y4E8,Q96EB6,USP15,SIRT1,False,0.9954816,0.99488515,0.9960859,0.995977,0.9916836,0.9948226,0.0018179658,False
DUB|Q9Y4E8|Q9Y5V3,DUB,492,1389,Q9Y4E8,Q9Y5V3,USP15,MAGED1,False,0.99538285,0.99487525,0.9962618,0.99602216,0.99155736,0.9948198,0.0019031938,False
E3|Q12834|P27361,E3,99,1101,Q12834,P27361,CDC20,MAPK3,False,0.995455,0.99488384,0.9957926,0.99594384,0.9920225,0.9948195,0.0016157265,False
DUB|Q14694|Q15831,DUB,436,1130,Q14694,Q15831,USP10,STK11,False,0.9955712,0.9949444,0.9961494,0.9957333,0.9916904,0.99481773,0.001801088,False
DUB|Q9Y4E8|P28482,DUB,492,1102,Q9Y4E8,P28482,USP15,MAPK1,False,0.99554837,0.9946116,0.996046,0.9960759,0.9917898,0.9948143,0.0017913845,False
DUB|Q14694|P35222,DUB,436,674,Q14694,P35222,USP10,CTNNB1,False,0.9953366,0.994934,0.99621886,0.9957825,0.99179596,0.9948136,0.0017541168,False
DUB|Q9Y4E8|P21580,DUB,492,67,Q9Y4E8,P21580,USP15,TNFAIP3,False,0.9952709,0.9950105,0.9963212,0.99590176,0.9915631,0.99481356,0.0018888309,False
