roc_auc,pr_auc,f1,accuracy,precision,recall,brier,epoch,train_loss,fold
0.6209634043731561,0.668837450359453,0.7308085977482088,0.5758064516129032,0.5758064516129032,1.0,0.28745871507578075,0,0.6672040224075317,0
0.6394342908265966,0.6836237286716582,0.7308085977482088,0.5758064516129032,0.5758064516129032,1.0,0.24509940271978772,1,0.71504807472229,0
0.6717909597298994,0.7168111298772858,0.7308085977482088,0.5758064516129032,0.5758064516129032,1.0,0.2436454491432212,2,0.6615157127380371,0
0.6941480014058856,0.7416851210352382,0.7308085977482088,0.5758064516129032,0.5758064516129032,1.0,0.24385247825077674,3,0.6700153946876526,0
0.7013718034742414,0.7525113486144818,0.7308085977482088,0.5758064516129032,0.5758064516129032,1.0,0.24617303599208246,4,0.6678135991096497,0
0.7038507418176396,0.7581964341132554,0.7308085977482088,0.5758064516129032,0.5758064516129032,1.0,0.2490749092606536,5,0.6649509072303772,0
0.7042607917691791,0.760567293079955,0.7308085977482088,0.5758064516129032,0.5758064516129032,1.0,0.2508890728512119,6,0.6624811291694641,0
0.7030705818449052,0.761096772565758,0.7308085977482088,0.5758064516129032,0.5758064516129032,1.0,0.25101198317700507,7,0.6658536791801453,0
0.6998913633894623,0.7573498251710898,0.7308085977482088,0.5758064516129032,0.5758064516129032,1.0,0.2497701593311476,8,0.6643614768981934,0
0.6940002236636098,0.7497783728642263,0.7308085977482088,0.5758064516129032,0.5758064516129032,1.0,0.24778906995844938,9,0.661527156829834,0
0.6878627877006316,0.7445569060180233,0.7308085977482088,0.5758064516129032,0.5758064516129032,1.0,0.2457810451865082,10,0.6588819622993469,0
0.6833708768678575,0.7415684468599917,0.7308085977482088,0.5758064516129032,0.5758064516129032,1.0,0.24447599666589198,11,0.6587669253349304,0
0.681167524043838,0.7402819236684409,0.7308085977482088,0.5758064516129032,0.5758064516129032,1.0,0.2439586055404894,12,0.6593675017356873,0
0.6803447614787359,0.7397146381210884,0.7308085977482088,0.5758064516129032,0.5758064516129032,1.0,0.24420632834000436,13,0.6588703989982605,0
0.6801423991649892,0.739402790009468,0.7308085977482088,0.5758064516129032,0.5758064516129032,1.0,0.24527302976232096,14,0.6567055583000183,0
0.6801264231928513,0.739093560582422,0.7308085977482088,0.5758064516129032,0.5758064516129032,1.0,0.24719099747521575,15,0.6539542078971863,0
0.6788736407110372,0.7380851681299544,0.7308085977482088,0.5758064516129032,0.5758064516129032,1.0,0.24905412188671433,16,0.6510533690452576,0
0.6759407184927203,0.7370591104301731,0.7308085977482088,0.5758064516129032,0.5758064516129032,1.0,0.2489526248877999,17,0.6512557864189148,0
0.6713196685518314,0.7349528343022793,0.7308085977482088,0.5758064516129032,0.5758064516129032,1.0,0.24611681391137788,18,0.6488966941833496,0
0.6679966663471473,0.73287126652509,0.7308085977482088,0.5758064516129032,0.5758064516129032,1.0,0.24265230976929217,19,0.6472312808036804,0
0.6674694592665964,0.7323977602722707,0.7308085977482088,0.5758064516129032,0.5758064516129032,1.0,0.24109045504235382,20,0.6445444226264954,0
0.6699364156308911,0.7344627452174315,0.7308085977482088,0.5758064516129032,0.5758064516129032,1.0,0.2434281235728841,21,0.6416230201721191,0
0.6724339926084503,0.7359121228963963,0.7308085977482088,0.5758064516129032,0.5758064516129032,1.0,0.24819949502964556,22,0.6364322900772095,0
0.6720865152144508,0.7345562603920529,0.7308085977482088,0.5758064516129032,0.5758064516129032,1.0,0.2451468338631945,23,0.6331318020820618,0
0.6702053444952125,0.7318385024645451,0.7513283740701382,0.6225806451612903,0.6053082191780822,0.9901960784313726,0.23424598566031885,24,0.6232015490531921,0
0.672122461151761,0.7296631076894832,0.7532051282051282,0.6274193548387097,0.6088082901554405,0.9873949579831933,0.23936642785913884,25,0.6174526810646057,0
0.6728094279536909,0.724019072436189,0.7539041464728056,0.6314516129032258,0.6124234470691163,0.9803921568627451,0.2502466498967057,26,0.5991876721382141,0
0.6697194086760179,0.7214938295650786,0.738479262672811,0.6338709677419355,0.62720156555773,0.8977591036414566,0.24112936915887054,27,0.5930964946746826,0
0.6705248639379707,0.7131180317386879,0.7495835646862854,0.6362903225806451,0.6209751609935602,0.9453781512605042,0.2615841658165243,28,0.5830156803131104,0
0.6729838323161964,0.7119422503267163,0.7473148671565857,0.6395161290322581,0.6265402843601896,0.9257703081232493,0.2592374757002617,29,0.5897444486618042,0
0.6766077153294778,0.7242684736493272,0.7285095856524428,0.6459677419354839,0.6522702104097453,0.8249299719887955,0.23419103863489413,30,0.5740945339202881,0
0.6829461822751914,0.7223615007469981,0.7509926262053318,0.6459677419354839,0.6310772163965681,0.927170868347339,0.25213799357812394,31,0.6062745451927185,0
0.6892327273114569,0.7329825042047644,0.756639566395664,0.6379032258064516,0.6171529619805481,0.9775910364145658,0.2716583311183847,32,0.5768181681632996,0
0.6908010352429945,0.7391324995668527,0.7520798668885191,0.6395161290322581,0.6225895316804407,0.9495798319327731,0.24681827571760398,33,0.6035875082015991,0
0.6908516258214312,0.7446141789945632,0.7501469723691946,0.657258064516129,0.646403242147923,0.8935574229691877,0.22412526252838844,34,0.5796091556549072,0
0.6908383125113163,0.7458484651013985,0.7513546056592414,0.6669354838709678,0.6589229144667371,0.8739495798319328,0.2205289870255168,35,0.5781587958335876,0
0.6911232173477756,0.7445216121555942,0.7492694330800701,0.6540322580645161,0.6429287863590772,0.8977591036414566,0.2250069889839984,36,0.5858575701713562,0
0.6919193532926479,0.7430699879299576,0.751263335204941,0.6427419354838709,0.626991565135895,0.9369747899159664,0.23774898548911308,37,0.5768860578536987,0
0.4981040236066297,0.6105148756165963,0.7634730538922155,0.6174334140435835,0.6174334140435835,1.0,0.2616839719543782,0,0.7343724966049194,1
0.5979344199001683,0.6904586946054339,0.7634730538922155,0.6174334140435835,0.6174334140435835,1.0,0.24810079632338994,1,0.738308846950531,1
0.6381884117922837,0.6998282943210582,0.7634730538922155,0.6174334140435835,0.6174334140435835,1.0,0.23690896187626925,2,0.7033592462539673,1
0.6371101183089269,0.7113590658672494,0.7634730538922155,0.6174334140435835,0.6174334140435835,1.0,0.23709496620699083,3,0.6750732064247131,1
0.6489161909489534,0.7218298331951425,0.7634730538922155,0.6174334140435835,0.6174334140435835,1.0,0.23981966430413068,4,0.6808294653892517,1
0.6677146245277295,0.736606308537876,0.7634730538922155,0.6174334140435835,0.6174334140435835,1.0,0.23998821085083114,5,0.6786893606185913,1
0.6879278012189405,0.7553052592549518,0.7634730538922155,0.6174334140435835,0.6174334140435835,1.0,0.23837558107867912,6,0.6801862120628357,1
0.7063111883290587,0.7851500823578234,0.7634730538922155,0.6174334140435835,0.6174334140435835,1.0,0.23667707648710465,7,0.6762025356292725,1
0.7126347866854196,0.8033057825250944,0.7634730538922155,0.6174334140435835,0.6174334140435835,1.0,0.23593054325071663,8,0.6727659702301025,1
0.7115178842282343,0.8052062789777021,0.7634730538922155,0.6174334140435835,0.6174334140435835,1.0,0.23616494156039713,9,0.6689362525939941,1
0.7104906097460081,0.8049049208895352,0.7634730538922155,0.6174334140435835,0.6174334140435835,1.0,0.23684609673971835,10,0.6689397096633911,1
0.7116157855547283,0.8056691370248844,0.7634730538922155,0.6174334140435835,0.6174334140435835,1.0,0.23733205039742086,11,0.6716448664665222,1
0.7136331044372742,0.8067454707525041,0.7634730538922155,0.6174334140435835,0.6174334140435835,1.0,0.23731376050927028,12,0.6721311807632446,1
0.7155442486417916,0.8067316289240208,0.7634730538922155,0.6174334140435835,0.6174334140435835,1.0,0.23689641222192923,13,0.6727685332298279,1
0.7164612117702215,0.8046639337025973,0.7634730538922155,0.6174334140435835,0.6174334140435835,1.0,0.23634326933762087,14,0.6688487529754639,1
0.7157896914039878,0.8002022135204397,0.7634730538922155,0.6174334140435835,0.6174334140435835,1.0,0.23588928238753956,15,0.6698853373527527,1
0.7143818427511652,0.7951081869619578,0.7634730538922155,0.6174334140435835,0.6174334140435835,1.0,0.23564776605776888,16,0.6688345670700073,1
0.7115964810678139,0.7891672535650263,0.7634730538922155,0.6174334140435835,0.6174334140435835,1.0,0.23561737887495995,17,0.668753445148468,1
0.7091861779873694,0.7848147929950875,0.7634730538922155,0.6174334140435835,0.6174334140435835,1.0,0.2356896239575298,18,0.6657809615135193,1
0.7068875651526434,0.7813764199254392,0.7634730538922155,0.6174334140435835,0.6174334140435835,1.0,0.23573261834498985,19,0.6667494773864746,1
0.7052273792780122,0.779111230004816,0.7634730538922155,0.6174334140435835,0.6174334140435835,1.0,0.2356682287887481,20,0.6673802733421326,1
0.7045434488844764,0.7781770155914056,0.7634730538922155,0.6174334140435835,0.6174334140435835,1.0,0.2354987523041093,21,0.6673890352249146,1
0.7040139543862552,0.7776716746380853,0.7634730538922155,0.6174334140435835,0.6174334140435835,1.0,0.23529732626805844,22,0.6647980213165283,1
0.7038733074101652,0.7775031981599082,0.7634730538922155,0.6174334140435835,0.6174334140435835,1.0,0.23517385025737012,23,0.6686927676200867,1
0.7036981881360138,0.7772553644033662,0.7634730538922155,0.6174334140435835,0.6174334140435835,1.0,0.23518532373406945,24,0.6651776432991028,1
0.7034361986707482,0.7766708902103546,0.7634730538922155,0.6174334140435835,0.6174334140435835,1.0,0.23530912199113602,25,0.6638235449790955,1
0.7027770883318165,0.7756515754234474,0.7634730538922155,0.6174334140435835,0.6174334140435835,1.0,0.23547174719005157,26,0.6639539003372192,1
0.7018973552852926,0.7743761564921497,0.7634730538922155,0.6174334140435835,0.6174334140435835,1.0,0.23555012249722557,27,0.6624652147293091,1
0.7006701414743112,0.7727306423774886,0.7634730538922155,0.6174334140435835,0.6174334140435835,1.0,0.23545828759661755,28,0.6658443212509155,1
0.699012713383525,0.7706370814251878,0.7634730538922155,0.6174334140435835,0.6174334140435835,1.0,0.23518469392924946,29,0.6624236702919006,1
0.696952648851383,0.767771463313428,0.7634730538922155,0.6174334140435835,0.6174334140435835,1.0,0.23472858954176046,30,0.6605162024497986,1
0.6948843109677063,0.7653405788614882,0.7634730538922155,0.6174334140435835,0.6174334140435835,1.0,0.23418184983487658,31,0.6626759171485901,1
0.692722208433303,0.762645245902156,0.7634730538922155,0.6174334140435835,0.6174334140435835,1.0,0.2336139272231536,32,0.6606875658035278,1
0.6907821074984143,0.7604755384601026,0.7634730538922155,0.6174334140435835,0.6174334140435835,1.0,0.23303593956651344,33,0.6590009331703186,1
0.6891867295441384,0.7590558038106481,0.7634730538922155,0.6174334140435835,0.6174334140435835,1.0,0.2324295578059956,34,0.6577990651130676,1
0.6881249827638509,0.7573458992702362,0.7634730538922155,0.6174334140435835,0.6174334140435835,1.0,0.2318126161659197,35,0.6552579998970032,1
0.6879443479220099,0.7570022925845756,0.7634730538922155,0.6174334140435835,0.6174334140435835,1.0,0.23130476621636287,36,0.655071496963501,1
0.688164970629602,0.7571658906083044,0.7634730538922155,0.6174334140435835,0.6174334140435835,1.0,0.23109444905681945,37,0.6537789702415466,1
0.6884476434737046,0.7570892655948325,0.7634730538922155,0.6174334140435835,0.6174334140435835,1.0,0.23099827438262152,38,0.6489914655685425,1
0.6874658724249194,0.755658165855603,0.7634730538922155,0.6174334140435835,0.6174334140435835,1.0,0.23007600688816526,39,0.6472597122192383,1
0.6849287112876093,0.7521973678111595,0.7634730538922155,0.6174334140435835,0.6174334140435835,1.0,0.22672405990745098,40,0.6417769193649292,1
0.6820716472242906,0.7485569835376913,0.7688442211055276,0.6287328490718321,0.6244897959183674,1.0,0.22126187409433504,41,0.6372868418693542,1
0.6803976724304348,0.7461941044136746,0.7785939139559287,0.6594027441485069,0.6503067484662577,0.9699346405228758,0.21718337101781202,42,0.6252824664115906,1
0.5196250790139064,0.6607122681348819,0.0,0.3615819209039548,0.0,0.0,0.3055034222673663,0,0.6927772164344788,2
0.5224103192161821,0.6514527330765087,0.0,0.3615819209039548,0.0,0.0,0.2597783936285085,1,0.7981776595115662,2
0.5489180738667149,0.6727242572766029,0.7793103448275862,0.6384180790960452,0.6384180790960452,1.0,0.2379357341986153,2,0.7170838117599487,2
0.5884744107820119,0.7026304075799381,0.7793103448275862,0.6384180790960452,0.6384180790960452,1.0,0.23181534773916007,3,0.6819865703582764,2
0.6133525036120643,0.7162840347605849,0.7793103448275862,0.6384180790960452,0.6384180790960452,1.0,0.23076718567382365,4,0.6811647415161133,2
0.6288081880982481,0.7241786554383858,0.7793103448275862,0.6384180790960452,0.6384180790960452,1.0,0.23099910056310707,5,0.6780821084976196,2
0.6394228598519054,0.7301158598345214,0.7793103448275862,0.6384180790960452,0.6384180790960452,1.0,0.23114421816846395,6,0.6793763637542725,2
0.646823358768286,0.7345118991361471,0.7793103448275862,0.6384180790960452,0.6384180790960452,1.0,0.23100960386453595,7,0.6802501678466797,2
0.6522640306122449,0.7373918859034466,0.7793103448275862,0.6384180790960452,0.6384180790960452,1.0,0.23078001917905844,8,0.680926501750946,2
0.6554499841972186,0.7400173070464935,0.7793103448275862,0.6384180790960452,0.6384180790960452,1.0,0.23067576185595653,9,0.6789805293083191,2
0.6567142067003793,0.7408513381218667,0.7793103448275862,0.6384180790960452,0.6384180790960452,1.0,0.23085017226682017,10,0.6775328516960144,2
0.6572306190175186,0.7415078398242747,0.7793103448275862,0.6384180790960452,0.6384180790960452,1.0,0.2313414813244539,11,0.6751708388328552,2
0.6581209364276683,0.7423141363333617,0.7793103448275862,0.6384180790960452,0.6384180790960452,1.0,0.2320468454939527,12,0.6730485558509827,2
0.6600412565468665,0.7434623706050711,0.7793103448275862,0.6384180790960452,0.6384180790960452,1.0,0.23274190331633843,13,0.674213707447052,2
0.6629351408705075,0.7458287654190341,0.7793103448275862,0.6384180790960452,0.6384180790960452,1.0,0.23318383880822896,14,0.6754087805747986,2
0.6676237696405996,0.7491342554181922,0.7793103448275862,0.6384180790960452,0.6384180790960452,1.0,0.23323081170441415,15,0.6743460297584534,2
0.6732365789236049,0.752725566397296,0.7793103448275862,0.6384180790960452,0.6384180790960452,1.0,0.23292659891889214,16,0.6705800890922546,2
0.6786504424778761,0.7565636234093885,0.7793103448275862,0.6384180790960452,0.6384180790960452,1.0,0.232428860147467,17,0.67343670129776,2
0.6834858113599421,0.759492898167583,0.7793103448275862,0.6384180790960452,0.6384180790960452,1.0,0.23187773969300102,18,0.6717188954353333,2
0.6867888748419722,0.7614822920441888,0.7793103448275862,0.6384180790960452,0.6384180790960452,1.0,0.2313820609693553,19,0.6709135174751282,2
0.6889956203720426,0.7634894331865906,0.7793103448275862,0.6384180790960452,0.6384180790960452,1.0,0.23099344447153017,20,0.6698254346847534,2
0.6903247471554994,0.7666642728778262,0.7793103448275862,0.6384180790960452,0.6384180790960452,1.0,0.2307190008997897,21,0.6702492833137512,2
0.6908806664258624,0.7696938483739888,0.7793103448275862,0.6384180790960452,0.6384180790960452,1.0,0.23055463811508123,22,0.6701642870903015,2
0.6908693787249413,0.7718585437598993,0.7793103448275862,0.6384180790960452,0.6384180790960452,1.0,0.23045887162781412,23,0.6693597435951233,2
0.6904728982300885,0.7720112667667115,0.7793103448275862,0.6384180790960452,0.6384180790960452,1.0,0.23040045021554978,24,0.6679609417915344,2
0.6891931551381614,0.7705697418703534,0.7793103448275862,0.6384180790960452,0.6384180790960452,1.0,0.23036327312597002,25,0.6691569685935974,2
0.6877709048221058,0.7681655776719892,0.7793103448275862,0.6384180790960452,0.6384180790960452,1.0,0.23034858192944663,26,0.668559193611145,2
0.6861243114502439,0.7655025963029355,0.7793103448275862,0.6384180790960452,0.6384180790960452,1.0,0.23037429667386236,27,0.6689492464065552,2
0.684532745620372,0.7626658638815866,0.7793103448275862,0.6384180790960452,0.6384180790960452,1.0,0.23044151867913065,28,0.668720006942749,2
0.6832642902293661,0.7606936071205934,0.7793103448275862,0.6384180790960452,0.6384180790960452,1.0,0.23051177263218445,29,0.6684073805809021,2
0.6821214105111071,0.7589180957600208,0.7793103448275862,0.6384180790960452,0.6384180790960452,1.0,0.23055052620643413,30,0.6656908392906189,2
0.6809926404189994,0.7571629925800313,0.7793103448275862,0.6384180790960452,0.6384180790960452,1.0,0.23050455623871693,31,0.6656125783920288,2
0.6800374187285534,0.7557394200430423,0.7793103448275862,0.6384180790960452,0.6384180790960452,1.0,0.23030754890918578,32,0.6642156839370728,2
0.6791710876828607,0.7545492097329967,0.7793103448275862,0.6384180790960452,0.6384180790960452,1.0,0.22996805568695872,33,0.6664118766784668,2
0.6782229208054903,0.7535565554533934,0.7793103448275862,0.6384180790960452,0.6384180790960452,1.0,0.22952699418072264,34,0.6649957895278931,2
0.6775428368249954,0.7525915189558406,0.7793103448275862,0.6384180790960452,0.6384180790960452,1.0,0.22906569382113545,35,0.6624335646629333,2
0.676687793480224,0.7512350002764525,0.7793103448275862,0.6384180790960452,0.6384180790960452,1.0,0.22864497854017485,36,0.6620998978614807,2
0.6761064768827885,0.7499926183607313,0.7793103448275862,0.6384180790960452,0.6384180790960452,1.0,0.22824156085829936,37,0.6636994481086731,2
0.6757523252663897,0.748910953089629,0.7793103448275862,0.6384180790960452,0.6384180790960452,1.0,0.22772153344990304,38,0.6608553528785706,2
0.6755406808741196,0.7478614861222612,0.7793103448275862,0.6384180790960452,0.6384180790960452,1.0,0.22699541986181837,39,0.6589005589485168,2
0.6755971193787249,0.7468879133411925,0.7793103448275862,0.6384180790960452,0.6384180790960452,1.0,0.2259931121366703,40,0.6561267375946045,2
0.6754362696405997,0.7462291240406967,0.7793103448275862,0.6384180790960452,0.6384180790960452,1.0,0.22463615916552634,41,0.6529979705810547,2
0.6760570931912588,0.7462001314948937,0.7793103448275862,0.6384180790960452,0.6384180790960452,1.0,0.22286531888680386,42,0.6502221822738647,2
0.6768613418818855,0.7463889095445206,0.7793103448275862,0.6384180790960452,0.6384180790960452,1.0,0.2211685767313724,43,0.6450919508934021,2
0.6777756456564926,0.746531569485023,0.7793103448275862,0.6384180790960452,0.6384180790960452,1.0,0.21882091599274658,44,0.6381869316101074,2
0.6791668547950154,0.7476353805255997,0.7825223435948362,0.6464891041162227,0.6443172526573998,0.9962073324905183,0.213138985117341,45,0.6335155963897705,2
0.6803943922701824,0.7482351202865352,0.8002136752136753,0.6981436642453591,0.692876965772433,0.9469026548672567,0.20732633706733625,46,0.6200374960899353,2
0.6812437917644933,0.7486188300438487,0.7987616099071208,0.6852300242130751,0.6748038360941587,0.9785082174462706,0.21977199760178734,47,0.5983936786651611,2
0.6828776864728192,0.749096790278129,0.7802898550724637,0.6941081517352704,0.7205567451820128,0.8508217446270544,0.206313926971246,48,0.6086262464523315,2
0.6843027587141051,0.7500680988663077,0.7869589657110736,0.6941081517352704,0.708502024291498,0.8849557522123894,0.21028291590491835,49,0.5922282338142395,2
0.6846018827885136,0.7521875440381544,0.7911357340720222,0.6957223567393059,0.7041420118343196,0.9026548672566371,0.21364982004205862,50,0.5828924775123596,2
0.6843309779664077,0.7540373755854741,0.7763761467889908,0.6852300242130751,0.7103882476390346,0.8558786346396966,0.2094083761906522,51,0.5910756587982178,2
0.6837383736680513,0.757864069438045,0.7712796757382745,0.6811945117029863,0.7115384615384616,0.8419721871049305,0.20807845146361773,52,0.582629382610321,2
0.6838173875744988,0.7643483965082607,0.782941498086386,0.6795803066989508,0.6897880539499036,0.9051833122629582,0.2123860361251065,53,0.5812903046607971,2
0.6843479095177895,0.7702052487699116,0.784741144414169,0.6811945117029863,0.6896551724137931,0.9102402022756005,0.2125514111656844,54,0.5791566967964172,2
0.623235665906745,0.6892100018204611,0.0,0.3817594834543987,0.0,0.0,0.31350803790189086,0,0.6776558756828308,3
0.6910711032849597,0.7363820060573495,0.7640897755610973,0.6182405165456013,0.6182405165456013,1.0,0.24761932131223224,1,0.8262358903884888,3
0.7410203191671405,0.794606881046515,0.7640897755610973,0.6182405165456013,0.6182405165456013,1.0,0.23568100400828385,2,0.6976058483123779,3
0.7308924756705435,0.8038722351808851,0.7640897755610973,0.6182405165456013,0.6182405165456013,1.0,0.23791223876879058,3,0.6737219095230103,3
0.7247776814842211,0.8012222576391995,0.7640897755610973,0.6182405165456013,0.6182405165456013,1.0,0.2394580891398205,4,0.6755988001823425,3
0.7239455395536516,0.8016175670406188,0.7640897755610973,0.6182405165456013,0.6182405165456013,1.0,0.23882690689086727,5,0.6787680983543396,3
0.7261494046666188,0.8042605029128873,0.7640897755610973,0.6182405165456013,0.6182405165456013,1.0,0.23732301458699384,6,0.6796060800552368,3
0.7299568334998536,0.808121371711485,0.7640897755610973,0.6182405165456013,0.6182405165456013,1.0,0.23603724585896624,7,0.672071099281311,3
0.7351925656467523,0.8127896361629134,0.7640897755610973,0.6182405165456013,0.6182405165456013,1.0,0.23545752373494952,8,0.6709357500076294,3
0.7407015384275691,0.8171486294676508,0.7640897755610973,0.6182405165456013,0.6182405165456013,1.0,0.23557651209462568,9,0.6697671413421631,3
0.7459262305488549,0.82056831913536,0.7640897755610973,0.6182405165456013,0.6182405165456013,1.0,0.2360291534435666,10,0.6699100732803345,3
0.7507700417864969,0.8232463962537098,0.7640897755610973,0.6182405165456013,0.6182405165456013,1.0,0.23637433861168428,11,0.6720029711723328,3
0.7553461324030273,0.8250284312084415,0.7640897755610973,0.6182405165456013,0.6182405165456013,1.0,0.2363572458124295,12,0.6703631281852722,3
0.7590003808808836,0.8260677615309272,0.7640897755610973,0.6182405165456013,0.6182405165456013,1.0,0.2360307106087459,13,0.6719763875007629,3
0.7618625075210175,0.8269944793503455,0.7640897755610973,0.6182405165456013,0.6182405165456013,1.0,0.23559578454423502,14,0.6685987710952759,3
0.7640318725539443,0.8272542667434237,0.7640897755610973,0.6182405165456013,0.6182405165456013,1.0,0.23526066901545575,15,0.6672081351280212,3
0.7656216362421961,0.8267578839723937,0.7640897755610973,0.6182405165456013,0.6182405165456013,1.0,0.2351401964001413,16,0.6683012843132019,3
0.7664082380671123,0.8267749078284958,0.7640897755610973,0.6182405165456013,0.6182405165456013,1.0,0.23523054623987846,17,0.6640834808349609,3
0.767125839731948,0.8270746140003182,0.7640897755610973,0.6182405165456013,0.6182405165456013,1.0,0.2354411736936569,18,0.6657552719116211,3
0.767225199962464,0.8264665204617939,0.7640897755610973,0.6182405165456013,0.6182405165456013,1.0,0.23560819635313102,19,0.6677007079124451,3
0.7672652200553105,0.8260927987893445,0.7640897755610973,0.6182405165456013,0.6182405165456013,1.0,0.23561689203252167,20,0.6655877828598022,3
0.767221059952859,0.8263050565608798,0.7640897755610973,0.6182405165456013,0.6182405165456013,1.0,0.23543497451198797,21,0.6657695770263672,3
0.7670140594726179,0.8259212130391969,0.7640897755610973,0.6182405165456013,0.6182405165456013,1.0,0.23511624965134056,22,0.6657766699790955,3
0.766782218934748,0.8253134465378122,0.7640897755610973,0.6182405165456013,0.6182405165456013,1.0,0.23472691150190556,23,0.6647842526435852,3
0.7665738384513052,0.8248339307411742,0.7640897755610973,0.6182405165456013,0.6182405165456013,1.0,0.23436343774201251,24,0.6626579761505127,3
0.7663130178462014,0.8243042027688415,0.7640897755610973,0.6182405165456013,0.6182405165456013,1.0,0.23406241002657666,25,0.6646133065223694,3
0.7660494372346943,0.8238584744176518,0.7640897755610973,0.6182405165456013,0.6182405165456013,1.0,0.23381200504197955,26,0.6618801951408386,3
0.765382895688318,0.8230474483317384,0.7640897755610973,0.6182405165456013,0.6182405165456013,1.0,0.23354602062157664,27,0.6613084673881531,3
0.7649799347534487,0.8226784832314905,0.7640897755610973,0.6182405165456013,0.6182405165456013,1.0,0.23326531954280072,28,0.6614855527877808,3
0.7645134936713053,0.8221367217471484,0.7640897755610973,0.6182405165456013,0.6182405165456013,1.0,0.23307420775849122,29,0.6607504487037659,3
0.7641726328805083,0.8218412429811636,0.7640897755610973,0.6182405165456013,0.6182405165456013,1.0,0.23311182252280435,30,0.6592524647712708,3
0.7637130918143731,0.8214752313913147,0.7640897755610973,0.6182405165456013,0.6182405165456013,1.0,0.23340682878436345,31,0.6578282117843628,3
0.7631997306233751,0.8208801591029475,0.7640897755610973,0.6182405165456013,0.6182405165456013,1.0,0.23360080947193507,32,0.6573138236999512,3
0.7627691696244736,0.8204521473298932,0.7640897755610973,0.6182405165456013,0.6182405165456013,1.0,0.23313300009910176,33,0.656244695186615,3
0.7624214088176684,0.8200552664980718,0.7640897755610973,0.6182405165456013,0.6182405165456013,1.0,0.23171168107216417,34,0.6527140140533447,3
0.762106768087702,0.8192392850842941,0.7640897755610973,0.6182405165456013,0.6182405165456013,1.0,0.22968093214467022,35,0.6505777835845947,3
0.7616044469223169,0.8181038250759718,0.7640897755610973,0.6182405165456013,0.6182405165456013,1.0,0.2278228164633722,36,0.6477076411247253,3
0.7610938457377221,0.8174179980687817,0.7640897755610973,0.6182405165456013,0.6182405165456013,1.0,0.22713676291475152,37,0.6449640989303589,3
0.760489404335418,0.8158411896730062,0.7640897755610973,0.6182405165456013,0.6182405165456013,1.0,0.2288510212137089,38,0.6371181607246399,3
0.7597911227154046,0.8139351410285343,0.7640897755610973,0.6182405165456013,0.6182405165456013,1.0,0.22654396666400886,39,0.6326120495796204,3
0.7591176811530203,0.811776636555567,0.7644710578842315,0.6190476190476191,0.6187399030694669,1.0,0.21994728608182046,40,0.6293426752090454,3
0.7579087983484123,0.8103309475151652,0.7656171914042978,0.6214689265536724,0.620242914979757,1.0,0.23068233700964183,41,0.6180527210235596,3
0.7569662561617143,0.8086425558420977,0.8008611410118407,0.7013720742534302,0.6813186813186813,0.9712793733681462,0.20770155512768237,42,0.6103746294975281,3
0.7543925501907164,0.8060936223890012,0.7667667667667668,0.6238902340597255,0.6217532467532467,1.0,0.25187816002349006,43,0.6054399609565735,3
0.7544118702355389,0.8063861094432815,0.8063112078346029,0.7126715092816788,0.691231343283582,0.9673629242819843,0.20922859417529885,44,0.6291050314903259,3
0.7539592291854118,0.8060103029253073,0.804932735426009,0.7191283292978208,0.7053045186640472,0.9373368146214099,0.19703545664782296,45,0.5867028832435608,3
0.5332733364716308,0.671017184271161,0.7665505226480837,0.6214689265536724,0.6214689265536724,1.0,0.2349288078923816,0,0.6806662082672119,4
0.5568396422340987,0.6882323755954385,0.7665505226480837,0.6214689265536724,0.6214689265536724,1.0,0.24888355306315724,1,0.6704555749893188,4
0.5503641347991028,0.6800867408239792,0.7665505226480837,0.6214689265536724,0.6214689265536724,1.0,0.2408472085524737,2,0.6968410015106201,4
0.5589593775094842,0.6851091715055369,0.7665505226480837,0.6214689265536724,0.6214689265536724,1.0,0.23886438626004,3,0.6807349920272827,4
0.5659859330435023,0.6893300348734944,0.7665505226480837,0.6214689265536724,0.6214689265536724,1.0,0.23436071921030746,4,0.6739076375961304,4
0.5733475479744137,0.6928570375220282,0.7665505226480837,0.6214689265536724,0.6214689265536724,1.0,0.23549155282743758,5,0.6643613576889038,4
0.581265749176197,0.695586148568599,0.7665505226480837,0.6214689265536724,0.6214689265536724,1.0,0.23654440747628502,6,0.6661955714225769,4
0.5896436186414864,0.699641386311349,0.7665505226480837,0.6214689265536724,0.6214689265536724,1.0,0.2357487604657646,7,0.6684333682060242,4
0.5984008528784648,0.7036071375105526,0.7665505226480837,0.6214689265536724,0.6214689265536724,1.0,0.23438557948985209,8,0.6660881042480469,4
0.606126602608479,0.7073514215335411,0.7665505226480837,0.6214689265536724,0.6214689265536724,1.0,0.23369805633008978,9,0.6643462181091309,4
0.6126173400160606,0.7119505846777618,0.7665505226480837,0.6214689265536724,0.6214689265536724,1.0,0.23376275370645216,10,0.6619802713394165,4
0.6172763270844294,0.7150496986879882,0.7665505226480837,0.6214689265536724,0.6214689265536724,1.0,0.23372848612769678,11,0.6622881293296814,4
0.6199429568299504,0.7171336344038777,0.7665505226480837,0.6214689265536724,0.6214689265536724,1.0,0.23316767264975666,12,0.6614701151847839,4
0.6213344225071304,0.7186783963224952,0.7665505226480837,0.6214689265536724,0.6214689265536724,1.0,0.23249314106845678,13,0.6590514779090881,4
0.6213994960263617,0.7193102364612118,0.7665505226480837,0.6214689265536724,0.6214689265536724,1.0,0.2322687319906855,14,0.6565752625465393,4
0.6213413452219423,0.7197000603152371,0.7665505226480837,0.6214689265536724,0.6214689265536724,1.0,0.2325275864610993,15,0.6530166268348694,4
0.6216999418491955,0.7203684956065421,0.7665505226480837,0.6214689265536724,0.6214689265536724,1.0,0.23260015495326733,16,0.6530937552452087,4
0.6223271398111483,0.7216371832474562,0.7665505226480837,0.6214689265536724,0.6214689265536724,1.0,0.23172046220483927,17,0.6500742435455322,4
0.6229141860271925,0.7222300899757941,0.7665505226480837,0.6214689265536724,0.6214689265536724,1.0,0.22976047566672614,18,0.6485857367515564,4
0.6228920333397945,0.7234835579821828,0.7662337662337663,0.6222760290556901,0.622564935064935,0.9961038961038962,0.2274979571688071,19,0.6424851417541504,4
0.6213634979093401,0.7238813975275189,0.7767995857068877,0.6521388216303471,0.6459948320413437,0.974025974025974,0.22581028815397053,20,0.6338579058647156,4
0.6177443026057099,0.7229642708792703,0.7753813782219884,0.655367231638418,0.6516357206012379,0.9571428571428572,0.2252714819433557,21,0.626509964466095,4
0.61459308282336,0.7212799741118464,0.7755532139093783,0.6561743341404358,0.6524822695035462,0.9558441558441558,0.22793431969608488,22,0.6210780143737793,4
0.6124276576302162,0.7204410530163967,0.7683253076511504,0.6505246166263116,0.6533212010919017,0.9324675324675324,0.23375954627658344,23,0.6023338437080383,4
0.612798715144131,0.7200716840385345,0.733934611048478,0.6190476190476191,0.648406374501992,0.8454545454545455,0.23855741071721448,24,0.5955798029899597,4
0.617963060393764,0.7227112410820842,0.7338618346545867,0.6206618240516546,0.6506024096385542,0.8415584415584415,0.2421643983907729,25,0.586833119392395,4
0.6308116190845402,0.729384187349549,0.7540255413659078,0.642453591606134,0.6585838991270611,0.8818181818181818,0.23918234819354903,26,0.5841849446296692,4
0.6503392130257802,0.7399210061548497,0.7509926262053318,0.645682001614205,0.6666666666666666,0.8597402597402597,0.22982718400686544,27,0.5761520862579346,4
0.660850663196079,0.7469173004146634,0.755826859045505,0.6448748991121872,0.6598837209302325,0.8844155844155844,0.2268334880653432,28,0.5777423977851868,4
0.6648547614432475,0.7523493056414382,0.7516930022573364,0.6448748991121872,0.6646706586826348,0.8649350649350649,0.22550031202836895,29,0.5821371674537659,4
0.666048237476809,0.7539150780854342,0.7451895043731779,0.6472962066182405,0.6761904761904762,0.8298701298701299,0.226708651836428,30,0.5791428089141846,4
0.6624345803450281,0.7503230832537942,0.7554317548746519,0.645682001614205,0.6614634146341464,0.8805194805194805,0.23642607078365208,31,0.576016902923584,4
0.6603522277296264,0.7492406039420372,0.7497181510710259,0.6416464891041163,0.6623505976095617,0.8636363636363636,0.23581863314483847,32,0.5710120797157288,4
0.6569379447844267,0.7474621869263821,0.7460410557184751,0.6505246166263116,0.6802139037433155,0.825974025974026,0.2320757422502162,33,0.5616931319236755,4
0.6536316561902915,0.7450376157943487,0.7478559176672385,0.6440677966101694,0.6680286006128703,0.8493506493506493,0.23258124238972155,34,0.5709474086761475,4
0.6519674355495251,0.7442950419033769,0.7591564927857936,0.6497175141242938,0.6627906976744186,0.8883116883116883,0.23468577712709793,35,0.563565731048584,4
0.6532467532467532,0.745620099426084,0.7535250987027636,0.6472962066182405,0.6660019940179461,0.8675324675324675,0.2316853608301075,36,0.5687243938446045,4
0.6571788552598787,0.7492642765668002,0.7478260869565218,0.648910411622276,0.675392670157068,0.8376623376623377,0.22830699954149541,37,0.564725399017334,4
0.6615706255365104,0.7530076932976136,0.7511467889908257,0.6497175141242938,0.6724845995893224,0.8506493506493507,0.22940956085715614,38,0.5613928437232971,4
0.6640960318998699,0.7552017045104965,0.7473026689381034,0.6408393866020985,0.6639757820383451,0.8545454545454545,0.23245923350185993,39,0.5586601495742798,4
0.6660094702738626,0.7574471674913417,0.7484454494064443,0.6408393866020985,0.6626626626626627,0.8597402597402597,0.23552984280508996,40,0.558522641658783,4
0.6665300584277131,0.7591308555707303,0.7489948305571511,0.6472962066182405,0.6714727085478888,0.8467532467532467,0.2359311620145478,41,0.5607492327690125,4
0.6660094702738626,0.759651425815598,0.7446808510638298,0.6513317191283293,0.6832971800433839,0.8181818181818182,0.23354835681651942,42,0.5581958889961243,4
0.6644670894137845,0.7593431843327224,0.7505800464037123,0.6529459241323649,0.6781970649895178,0.8402597402597403,0.2367194925940752,43,0.5608177781105042,4
0.664126491845042,0.7592249895373182,0.7599118942731278,0.6481033091202583,0.6596558317399618,0.8961038961038961,0.2439769850598759,44,0.5578706860542297,4
0.6638329687370199,0.759024905120515,0.7482993197278912,0.6416464891041163,0.6639839034205232,0.8571428571428571,0.23742013050373753,45,0.5595460534095764,4
0.6655470329244315,0.7593448347238604,0.7444051825677267,0.6497175141242938,0.6810344827586207,0.8207792207792208,0.23112943542239994,46,0.5545003414154053,4
0.6673054024866392,0.7601935940488269,0.7486818980667839,0.6537530266343826,0.6819637139807898,0.8298701298701299,0.23105580375152976,47,0.5581276416778564,4
0.6683258106499045,0.7607339881841596,0.7561915244909191,0.642453591606134,0.6561604584527221,0.8922077922077922,0.23913194458093204,48,0.56009840965271,4
0.6679284468197048,0.7588480635800142,0.7605019094380796,0.645682001614205,0.6556914393226717,0.9051948051948052,0.24189103854522975,49,0.5552700757980347,4
0.6674106277517792,0.7562617586578667,0.7478460654796094,0.645682001614205,0.670442842430484,0.8454545454545455,0.23423128159708564,50,0.5658290982246399,4
0.6666740508957992,0.7547200399312304,0.7449822904368358,0.6513317191283293,0.6829004329004329,0.8194805194805195,0.2317852672839324,51,0.5528385639190674,4
0.6663223769833578,0.7544907233813574,0.7465116279069768,0.6481033091202583,0.6757894736842105,0.8337662337662337,0.23483642689479123,52,0.5551214814186096,4
0.66674466258688,0.7559362831155264,0.7511210762331838,0.6416464891041163,0.6607495069033531,0.8701298701298701,0.24153559719710302,53,0.5498377084732056,4
0.6685736438401684,0.7568521889916241,0.752542372881356,0.6464891041162227,0.666,0.8649350649350649,0.24081557746632282,54,0.5562738180160522,4
0.6704732367845374,0.7577463883181426,0.747086247086247,0.6497175141242938,0.6775898520084567,0.8324675324675325,0.23558413291742492,55,0.5547177195549011,4
0.6713205770775067,0.7585461955811649,0.74822695035461,0.6561743341404358,0.6865509761388287,0.8220779220779221,0.2337577548515121,56,0.5469273328781128,4
0.6716999418491956,0.7592510935420909,0.7455279861511829,0.6440677966101694,0.6708203530633438,0.8389610389610389,0.23652846309958792,57,0.5556902885437012,4
0.6713773433389638,0.7601022483789459,0.7549668874172185,0.6416464891041163,0.6564299424184261,0.8883116883116883,0.24381193792016628,58,0.5424402356147766,4
0.6711018192894526,0.7598323952756921,0.756311745334797,0.6416464891041163,0.6549429657794676,0.8948051948051948,0.24486376078506805,59,0.5513700246810913,4
0.6711627391797967,0.7594200272680444,0.7518539646320593,0.648910411622276,0.6703967446592065,0.8558441558441559,0.2391778735650317,60,0.5481615662574768,4
0.6711018192894526,0.7598062166750229,0.7467760844079718,0.6513317191283293,0.6805555555555556,0.8272727272727273,0.23642721526718957,61,0.5421786308288574,4
0.6703763187771717,0.7592814340056615,0.7489948305571511,0.6472962066182405,0.6714727085478888,0.8467532467532467,0.23990181335276942,62,0.5491310954093933,4
0.6699914158336333,0.7594797532849527,0.7602403058438012,0.645682001614205,0.6559849198868991,0.9038961038961039,0.24955671020711295,63,0.5456885099411011,4
0.6693905241879655,0.7599928354861745,0.7599346761023408,0.6440677966101694,0.6541705716963448,0.9064935064935065,0.25209826860794016,64,0.5522883534431458,4
0.6696411264641542,0.7597805226238723,0.7531003382187148,0.6464891041162227,0.6653386454183267,0.8675324675324675,0.2455393423477835,65,0.5478939414024353,4
0.6699083432558912,0.7602938162058077,0.7489901904212348,0.648910411622276,0.6739356178608515,0.8428571428571429,0.24310818316257307,66,0.5441238284111023,4
0.6714811840611414,0.7641738669308059,0.7568474007825601,0.648910411622276,0.6643768400392541,0.8792207792207792,0.24738102658232738,67,0.5437780022621155,4
0.6742419627281034,0.7696533764301525,0.7620596205962059,0.645682001614205,0.653953488372093,0.912987012987013,0.25500478648348435,68,0.5414049029350281,4
0.675349597097998,0.7704468691144942,0.7562189054726368,0.6440677966101694,0.65832531280077,0.8883116883116883,0.25038749805094307,69,0.546207070350647,4
0.6755434331127296,0.7694015750147337,0.7505720823798627,0.6481033091202583,0.6707566462167689,0.8519480519480519,0.24415399642913505,70,0.5382020473480225,4
0.6768975161299255,0.7727107974702061,0.7548240635641317,0.6513317191283293,0.6703629032258065,0.8636363636363636,0.2473958550973799,71,0.5383312106132507,4
0.6792152410489298,0.7754717030882377,0.7606093579978237,0.6448748991121872,0.6544943820224719,0.9077922077922078,0.25581697617218757,72,0.5403854846954346,4
0.6781796029130784,0.7727751144274311,0.7599328483491886,0.6537530266343826,0.6676499508357916,0.8818181818181818,0.2503646539676165,73,0.5432964563369751,4
0.6761886301331931,0.7646455994414916,0.7491408934707904,0.6464891041162227,0.6700819672131147,0.8493506493506493,0.24678388929419431,74,0.5391795039176941,4
0.6784606651344391,0.7704070278360793,0.7606885063853415,0.6521388216303471,0.6644034917555771,0.8896103896103896,0.25632124416707264,75,0.5410414934158325,4
0.6802785700440285,0.7739952767665764,0.7598915989159891,0.642453591606134,0.652093023255814,0.9103896103896104,0.26272415547588823,76,0.5430548191070557,4
0.6793647716888656,0.7725191240630744,0.759493670886076,0.6472962066182405,0.6590257879656161,0.8961038961038961,0.258108844492666,77,0.5350838303565979,4
0.6773876443386038,0.7676567187293446,0.7505720823798627,0.6481033091202583,0.6707566462167689,0.8519480519480519,0.24911564042504972,78,0.5374012589454651,4
0.6797164456013071,0.7739339532869725,0.7591973244147158,0.6513317191283293,0.6650390625,0.8844155844155844,0.2523694344980472,79,0.5393069386482239,4
0.6831778030072273,0.7784127017841007,0.7631862217438106,0.6448748991121872,0.6516544117647058,0.9207792207792208,0.26011002171482767,80,0.5364860892295837,4
0.6823387699720322,0.7767096314911839,0.7630121816168328,0.6545601291364003,0.665057915057915,0.8948051948051948,0.2558817906468135,81,0.5398892164230347,4
0.6784371279040788,0.7685127722775765,0.7539863325740319,0.6513317191283293,0.6713995943204868,0.8597402597402597,0.25396488733006456,82,0.530918538570404,4
0.6780189959294437,0.7684616501037552,0.760485651214128,0.6497175141242938,0.6612284069097889,0.8948051948051948,0.2624335588940713,83,0.5380238890647888,4
0.6778334671724864,0.7677181219908294,0.7591881513987931,0.645682001614205,0.6571699905033238,0.8987012987012987,0.2645195212222167,84,0.5321125984191895,4
0.6797510591753662,0.7707871999611742,0.7572285870158211,0.6408393866020985,0.6528692380056444,0.9012987012987013,0.2659540897465047,85,0.5258650183677673,4
0.682635062165979,0.7768008623895326,0.7539863325740319,0.6513317191283293,0.6713995943204868,0.8597402597402597,0.25393196313236926,86,0.5338941812515259,4
0.6865283969761581,0.7821596122277832,0.7608576140736668,0.648910411622276,0.6596758817921831,0.8987012987012987,0.2550775582367276,87,0.5340399742126465,4
0.6896726940436962,0.786467800810839,0.7739583333333333,0.6497175141242938,0.6460869565217391,0.964935064935065,0.27171780760778996,88,0.5308200120925903,4
0.6850123224323651,0.7787480839313421,0.7531428571428571,0.6513317191283293,0.6724489795918367,0.8558441558441559,0.24927639397207024,89,0.5518893003463745,4
0.6854041480907153,0.7789458573695327,0.75,0.6497175141242938,0.6739130434782609,0.8454545454545455,0.24976468914219116,90,0.5404431223869324,4
0.6874768089053804,0.780786846920617,0.7608346709470305,0.639225181598063,0.6469517743403094,0.9233766233766234,0.26455012853713944,91,0.539763867855072,4
0.687385429069864,0.7836737360880346,0.7590361445783133,0.6448748991121872,0.65625,0.9,0.26071679744712956,92,0.5389106273651123,4
0.6837648492232713,0.779711287529345,0.750285062713797,0.6464891041162227,0.6686991869918699,0.8545454545454545,0.2552462597524307,93,0.5320079326629639,4
0.6820452468640101,0.7770667158714837,0.7466973004020678,0.6440677966101694,0.6694129763130793,0.8441558441558441,0.2530518386251281,94,0.5354743599891663,4
0.6848738681361284,0.7808388729221567,0.7608695652173914,0.6448748991121872,0.6542056074766355,0.9090909090909091,0.26114100809340407,95,0.5359818339347839,4
0.6872289757151164,0.7831902595151179,0.7648,0.6440677966101694,0.648868778280543,0.9311688311688312,0.26463849705374454,96,0.532524049282074,4
0.6860327305956305,0.779680708636702,0.7537857543466069,0.645682001614205,0.6633761105626851,0.8727272727272727,0.25217484023029185,97,0.5396994948387146,4
0.686697311217567,0.779436991350668,0.752,0.6497175141242938,0.6714285714285714,0.8545454545454545,0.24913892073198857,98,0.532014787197113,4
0.6913327610555755,0.7869652818963484,0.7580910586944597,0.6440677966101694,0.6562203228869895,0.8974025974025974,0.2592371675809763,99,0.5367940068244934,4
0.6939495472544513,0.7904160963806602,0.7672823218997361,0.6440677966101694,0.6462222222222223,0.9441558441558442,0.27439575045994735,100,0.5277003049850464,4
0.690142054107939,0.78537044891133,0.7582781456953642,0.6464891041162227,0.6593090211132437,0.8922077922077922,0.2606907928144264,101,0.5424582958221436,4
0.6860825741422756,0.7812187880068229,0.75,0.6464891041162227,0.6690427698574338,0.8532467532467533,0.2545889415855102,102,0.5259829759597778,4
0.6877412566111927,0.7845190355027227,0.7614879649890591,0.6481033091202583,0.6578449905482041,0.9038961038961039,0.2609599125525293,103,0.533511757850647,4
0.6877287957245313,0.7846108421308073,0.767268862911796,0.6464891041162227,0.6492805755395683,0.9376623376623376,0.26979857033549165,104,0.5267691016197205,4
0.6890676487691412,0.7848427856853022,0.7573131094257854,0.6384180790960452,0.6496282527881041,0.9077922077922078,0.2620583291502378,105,0.5314150452613831,4
0.6894068617949215,0.7831900299022005,0.7523862998315554,0.6440677966101694,0.6627101879327398,0.8701298701298701,0.2546799594251824,106,0.5293446779251099,4
0.6883172264835378,0.7801426742615165,0.7537058152793614,0.6513317191283293,0.6717479674796748,0.8584415584415584,0.2540757329410002,107,0.5307013988494873,4
0.6895716224074433,0.7821567516349287,0.7591082109842305,0.642453591606134,0.6529466791393826,0.9064935064935065,0.2663315194279589,108,0.5353633165359497,4
0.6912261512474733,0.7854010447841527,0.7665245202558635,0.6464891041162227,0.6500904159132007,0.9337662337662338,0.27369796431086907,109,0.523791491985321,4
0.6899994461828151,0.7831659874249448,0.76013143483023,0.6464891041162227,0.6571969696969697,0.9012987012987013,0.2653375980958751,110,0.5261030793190002,4
0.6865256278902334,0.7783171079832671,0.7507163323782235,0.648910411622276,0.6717948717948717,0.8506493506493507,0.25710385799168317,111,0.5207765698432922,4
0.6885110624982693,0.779823118238774,0.7571830985915493,0.6521388216303471,0.6686567164179105,0.8727272727272727,0.25852589182460317,112,0.5252253413200378,4
0.6919599590175283,0.7821359411289941,0.7620075553157043,0.6440677966101694,0.6518928901200369,0.9168831168831169,0.2682799876258928,113,0.5171753764152527,4
0.6914282945199789,0.7781412139945213,0.7616998386229156,0.642453591606134,0.650137741046832,0.9194805194805195,0.27120282388691086,114,0.5183811187744141,4
0.688167695843602,0.7715934121214405,0.7552602436323367,0.6432606941081518,0.6583011583011583,0.8857142857142857,0.26417255998177125,115,0.5226589441299438,4
0.6857032093705868,0.7701082885053598,0.7568781583380123,0.6505246166263116,0.6666666666666666,0.8753246753246753,0.2625824279301622,116,0.520754337310791,4
0.686881455431562,0.7741399251455419,0.7609756097560976,0.6440677966101694,0.6530232558139535,0.9116883116883117,0.27013660624244157,117,0.5223268866539001,4
0.6856810566831889,0.7741725224137722,0.7658666666666667,0.645682001614205,0.6497737556561086,0.9324675324675324,0.27486074432420526,118,0.5168787837028503,4
0.6879212471963005,0.7764837797363943,0.7576754385964912,0.6432606941081518,0.6555977229601518,0.8974025974025974,0.26283623533955647,119,0.5236644744873047,4
0.688829507379614,0.7778506321323113,0.758046614872364,0.6481033091202583,0.6618217054263565,0.887012987012987,0.26138818618704435,120,0.5124192237854004,4
0.6900202143272507,0.7803462893145393,0.7647690655209453,0.6464891041162227,0.652014652014652,0.9246753246753247,0.271349554449818,121,0.5237316489219666,4
0.6901254395923906,0.7769271683920499,0.7633832976445396,0.6432606941081518,0.6493624772313297,0.925974025974026,0.27589722178727755,122,0.5219345092773438,4
0.6914656771799629,0.7783423499300819,0.75858310626703,0.642453591606134,0.6535211267605634,0.9038961038961039,0.2706177916531202,123,0.5216830372810364,4
0.6925899260654058,0.7803510436164178,0.7589285714285714,0.6513317191283293,0.6653620352250489,0.8831168831168831,0.26296799923434877,124,0.5128169059753418,4
0.6950322598510232,0.7844360401653593,0.7606093579978237,0.6448748991121872,0.6544943820224719,0.9077922077922078,0.26824980787117736,125,0.5129566192626953,4
0.6941239996677098,0.7816796406815574,0.7639484978540773,0.6448748991121872,0.6508226691042047,0.9246753246753247,0.271417939377003,126,0.515312671661377,4
0.6921067205715393,0.7769492929942117,0.7605019094380796,0.645682001614205,0.6556914393226717,0.9051948051948052,0.26822101231787876,127,0.5196694731712341,4
0.6908952454794672,0.7753635070826852,0.7607497243660419,0.6497175141242938,0.6609195402298851,0.8961038961038961,0.26658788084525553,128,0.5226380825042725,4
0.6912399966770969,0.7794921062393432,0.7613823368074603,0.648910411622276,0.6590693257359924,0.9012987012987013,0.26726966534748403,129,0.5138585567474365,4
0.690834325589123,0.7814457113381788,0.7680851063829788,0.6481033091202583,0.6504504504504505,0.9376623376623376,0.27468576229122127,130,0.5166011452674866,4
