uniprot_ac,gene,enzyme_class,node_id,is_e3,is_dub,is_substrate
A6NLU0,RFPL4A,E3,0,1,0,0
A6NNE9,MARCHF11,E3,1,1,0,0
A8MQ27,NEURL1B,E3,2,1,0,0
B3SRS0,,E3,3,1,0,0
O00308,WWP2,E3,4,1,0,1
O00623,PEX12,E3,5,1,0,0
O00635,TRIM38,E3,6,1,0,1
O14508,SOCS2,E3,7,1,0,0
O14512,SOCS7,E3,8,1,0,0
O14543,SOCS3,E3,9,1,0,1
O14544,SOCS6,E3,10,1,0,0
O14965,AURKA,E3,11,1,0,1
O15151,MDM4,E3,12,1,0,1
O15164,TRIM24,E3,13,1,0,1
O15304,SIVA1,E3,14,1,0,0
O15344,MID1,E3,15,1,0,0
O15524,SOCS1,E3,16,1,0,1
O43164,PJA2,E3,17,1,0,1
O43255,SIAH2,E3,18,1,0,0
O43567,RNF13,E3,19,1,0,1
O43663,PRC1,E3,20,1,0,1
O43734,TRAF3IP2,E3,21,1,0,1
O43791,SPOP,E3,22,1,0,0
O60260,PARK2,E3,23,1,0,1
O60291,MGRN1,E3,24,1,0,0
O60337,MARCHF6,E3,25,1,0,1
O60683,PEX10,E3,26,1,0,0
O60784,TOM1,E3,27,1,0,1
O60858,TRIM13,E3,28,1,0,1
O60907,TBL1X,E3,29,1,0,0
O75150,RNF40,E3,30,1,0,0
O75159,SOCS5,E3,31,1,0,0
O75382,TRIM3,E3,32,1,0,0
O75592,MYCBP2,E3,33,1,0,0
O75717,WDHD1,E3,34,1,0,0
O75928,PIAS2,E3,35,1,0,1
O76050,NEURL1,E3,36,1,0,0
O76064,RNF8,E3,37,1,0,1
O92608,ORF50,E3,38,1,0,0
O94844,RHOBTB1,E3,39,1,0,0
O94889,KLHL18,E3,40,1,0,0
O94952,FBXO21,E3,41,1,0,0
O94955,RHOBTB3,E3,42,1,0,0
O94972,TRIM37,E3,43,1,0,1
O95071,UBR5,E3,44,1,0,1
O95155,UBE4B,E3,45,1,0,0
O95198,KLHL2,E3,46,1,0,0
O95376,ARIH2,E3,47,1,0,1
O95628,CNOT4,E3,48,1,0,1
O95630,STAMBP,E3,49,1,0,1
O95714,HERC2,E3,50,1,0,0
O95786,DDX58,E3,51,1,0,1
O95835,LATS1,E3,52,1,0,1
P00748,F12,E3,53,1,0,0
P03126,E6,E3,54,1,0,0
P06463,E6,E3,55,1,0,0
P08393,ICP0,E3,56,1,0,1
P09874,PARP1,E3,57,1,0,1
P09936,UCHL1,E3,58,1,0,1
P0C2W1,FBXO45,E3,59,1,0,0
P0CI25,TRIM49,E3,60,1,0,0
P10523,SAG,E3,61,1,0,1
P11441,UBL4A,E3,62,1,0,1
P12830,CDH1,E3,63,1,0,1
P14373,TRIM27,E3,64,1,0,1
P15918,RAG1,E3,65,1,0,1
P19474,TRIM21,E3,66,1,0,1
P21580,TNFAIP3,E3,67,1,0,1
P21583,KITLG,E3,68,1,0,0
P22681,CBL,E3,69,1,0,1
P29372,MPG,E3,70,1,0,0
P29590,PML,E3,71,1,0,1
P35226,BMI1,E3,72,1,0,1
P35869,AHR,E3,73,1,0,1
P36406,TRIM23,E3,74,1,0,1
P37231,PPARG,E3,75,1,0,1
P38398,BRCA1,E3,76,1,0,1
P40337,VHL,E3,77,1,0,0
P41002,CCNF,E3,78,1,0,0
P46934,NEDD4,E3,79,1,0,1
P48742,LHX1,E3,80,1,0,0
P49427,CDC34,E3,81,1,0,1
P50876,RNF144A,E3,82,1,0,0
P51617,IRAK1,E3,83,1,0,1
P53804,TTC3,E3,84,1,0,0
P54725,RAD23A,E3,85,1,0,1
P62253,UBE2G1,E3,86,1,0,1
P62877,RBX1,E3,87,1,0,1
P63244,RACK1,E3,88,1,0,1
P69720,vif,E3,89,1,0,0
P78317,RNF4,E3,90,1,0,1
P90489,K5,E3,91,1,0,0
P90495,K3,E3,92,1,0,0
P98170,XIAP,E3,93,1,0,1
Q00987,MDM2,E3,94,1,0,1
Q05086,UBE3A,E3,95,1,0,1
Q06587,RING1,E3,96,1,0,0
Q07869,PPARA,E3,97,1,0,1
Q09472,EP300,E3,98,1,0,1
Q12834,CDC20,E3,99,1,0,1
Q12899,TRIM26,E3,100,1,0,0
Q12933,TRAF2,E3,101,1,0,1
Q13049,TRIM32,E3,102,1,0,1
Q13064,MKRN3,E3,103,1,0,0
Q13077,TRAF1,E3,104,1,0,1
Q13114,TRAF3,E3,105,1,0,1
Q13191,CBLB,E3,106,1,0,1
Q13216,ERCC8,E3,107,1,0,0
Q13233,MAP3K1,E3,108,1,0,1
Q13263,TRIM28,E3,109,1,0,1
Q13309,SKP2,E3,110,1,0,1
Q13356,PPIL2,E3,111,1,0,0
Q13489,BIRC3,E3,112,1,0,1
Q13490,BIRC2,E3,113,1,0,1
Q13501,SQSTM1,E3,114,1,0,1
Q13829,TNFAIP1,E3,115,1,0,0
Q14139,UBE4A,E3,116,1,0,1
Q14145,KEAP1,E3,117,1,0,1
Q14258,TRIM25,E3,118,1,0,1
Q14527,HLTF,E3,119,1,0,1
Q14669,TRIP12,E3,120,1,0,1
Q149N8,SHPRH,E3,121,1,0,0
Q15257,PTPA,E3,122,1,0,1
Q15386,UBE3C,E3,123,1,0,1
Q15751,HERC1,E3,124,1,0,0
Q16531,DDB1,E3,125,1,0,0
Q2Q1W2,TRIM71,E3,126,1,0,0
Q53G59,KLHL12,E3,127,1,0,0
Q53GT1,KLHL22,E3,128,1,0,0
Q5GLZ8,HERC4,E3,129,1,0,0
Q5T0T0,MARCHF8,E3,130,1,0,0
Q5T447,HECTD3,E3,131,1,0,0
Q5T4S7,UBR4,E3,132,1,0,0
Q5T6F0,DCAF12,E3,133,1,0,0
Q5TA31,RNF187,E3,134,1,0,0
Q5TAQ9,DCAF8,E3,135,1,0,0
Q5TC82,RC3H1,E3,136,1,0,0
Q5U5Q3,MEX3C,E3,137,1,0,0
Q5U5R9,HECTD2,E3,138,1,0,0
Q5VTB9,RNF220,E3,139,1,0,1
Q5VTR2,RNF20,E3,140,1,0,1
Q5VU92,DCAF12L1,E3,141,1,0,0
Q5XPI4,RNF123,E3,142,1,0,1
Q5XUX0,FBXO31,E3,143,1,0,0
Q5XX13,FBXW10,E3,144,1,0,0
Q63HN8,RNF213,E3,145,1,0,0
Q66K64,DCAF15,E3,146,1,0,0
Q66K89,E4F1,E3,147,1,0,0
Q68DV7,RNF43,E3,148,1,0,1
Q693B1,KCTD11,E3,149,1,0,0
Q6JEL2,KLHL10,E3,150,1,0,0
Q6P050,FBXL22,E3,151,1,0,0
Q6P3S6,FBXO42,E3,152,1,0,0
Q6PCD5,RFWD3,E3,153,1,0,0
Q6PCT2,FBXL19,E3,154,1,0,0
Q6PJ21,SPSB3,E3,155,1,0,0
Q6PJ69,TRIM65,E3,156,1,0,0
Q6Q0C0,TRAF7,E3,157,1,0,1
Q6R327,RICTOR,E3,158,1,0,1
Q6TDP4,KLHL17,E3,159,1,0,0
Q6UWE0,LRSAM1,E3,160,1,0,0
Q6VVB1,NHLRC1,E3,161,1,0,0
Q6X9E4,FBXW12,E3,162,1,0,0
Q6ZMZ0,RNF19B,E3,163,1,0,0
Q6ZN04,MEX3B,E3,164,1,0,0
Q6ZNA4,RNF111,E3,165,1,0,0
Q6ZW49,PAXIP1,E3,166,1,0,0
Q75N03,CBLL1,E3,167,1,0,0
Q76N89,HECW1,E3,168,1,0,0
Q7L5Y6,DET1,E3,169,1,0,0
Q7Z419,RNF144B,E3,170,1,0,0
Q7Z4K8,TRIM46,E3,171,1,0,0
Q7Z569,BRAP,E3,172,1,0,1
Q7Z6E9,RBBP6,E3,173,1,0,0
Q7Z6J0,SH3RF1,E3,174,1,0,1
Q7Z6M2,FBXO33,E3,175,1,0,0
Q7Z6Z7,HUWE1,E3,176,1,0,1
Q86T96,RNF180,E3,177,1,0,0
Q86TM6,SYVN1,E3,178,1,0,1
Q86UW9,DTX2,E3,179,1,0,1
Q86WB0,ZC3HC1,E3,180,1,0,1
Q86WC4,OSTM1,E3,181,1,0,0
Q86WT6,TRIM69,E3,182,1,0,0
Q86XK2,FBXO11,E3,183,1,0,0
Q86XS8,RNF130,E3,184,1,0,0
Q86XT4,TRIM50,E3,185,1,0,1
Q86Y01,DTX1,E3,186,1,0,1
Q86Y13,DZIP3,E3,187,1,0,0
Q86YJ5,MARCHF9,E3,188,1,0,0
Q86YT6,MIB1,E3,189,1,0,1
Q8IUD6,RNF135,E3,190,1,0,0
Q8IUQ4,SIAH1,E3,191,1,0,1
Q8IWR1,TRIM59,E3,192,1,0,0
Q8IWV7,UBR1,E3,193,1,0,0
Q8IWV8,UBR2,E3,194,1,0,0
Q8IX12,CCAR1,E3,195,1,0,0
Q8IXQ5,KLHL7,E3,196,1,0,0
Q8IYM9,TRIM22,E3,197,1,0,1
Q8IYU2,HACE1,E3,198,1,0,0
Q8IYW5,RNF168,E3,199,1,0,1
Q8N1E6,FBXL14,E3,200,1,0,0
Q8N2H9,PELI3,E3,201,1,0,0
Q8N2W9,PIAS4,E3,202,1,0,1
Q8N3Y1,FBXW8,E3,203,1,0,0
Q8N448,LNX2,E3,204,1,0,0
Q8N531,FBXL6,E3,205,1,0,0
Q8N5Z5,KCTD17,E3,206,1,0,0
Q8N6D2,RNF182,E3,207,1,0,0
Q8N806,UBR7,E3,208,1,0,0
Q8N8N0,RNF152,E3,209,1,0,0
Q8N9I9,DTX3,E3,210,1,0,1
Q8NC42,RNF149,E3,211,1,0,0
Q8NCQ5,FBXO15,E3,212,1,0,0
Q8ND25,ZNRF1,E3,213,1,0,1
Q8NEG5,ZSWIM2,E3,214,1,0,1
Q8NEZ5,FBXO22,E3,215,1,0,0
Q8NFD5,ARID1B,E3,216,1,0,1
Q8NFZ0,FBXO18,E3,217,1,0,1
Q8NG06,TRIM58,E3,218,1,0,0
Q8NG27,PJA1,E3,219,1,0,0
Q8NHG8,ZNRF2,E3,220,1,0,1
Q8NHM5,KDM2B,E3,221,1,0,0
Q8NHY2,COP1,E3,222,1,0,1
Q8NI29,FBXO27,E3,223,1,0,0
Q8TB52,FBXO30,E3,224,1,0,0
Q8TBB1,LNX1,E3,225,1,0,0
Q8TCJ0,FBXO25,E3,226,1,0,0
Q8TCQ1,MARCHF1,E3,227,1,0,0
Q8TDB6,DTX3L,E3,228,1,0,1
Q8TE67,EPS8L3,E3,229,1,0,0
Q8TEB1,DCAF11,E3,230,1,0,0
Q8TEB7,RNF128,E3,231,1,0,0
Q8TEL6,TRPC4AP,E3,232,1,0,0
Q8WU17,RNF139,E3,233,1,0,1
Q8WV16,DCAF4,E3,234,1,0,0
Q8WV44,TRIM41,E3,235,1,0,0
Q8WVD3,RNF138,E3,236,1,0,1
Q8WXG1,RSAD2,E3,237,1,0,0
Q8WXH4,ASB11,E3,238,1,0,0
Q8WXH5,SOCS4,E3,239,1,0,0
Q8WY64,MYLIP,E3,240,1,0,1
Q8WZ19,KCTD13,E3,241,1,0,0
Q8WZ60,KLHL6,E3,242,1,0,0
Q8WZ73,RFFL,E3,243,1,0,1
Q92466,DDB2,E3,244,1,0,1
Q92630,DYRK2,E3,245,1,0,1
Q92844,TANK,E3,246,1,0,1
Q969H0,FBXW7,E3,247,1,0,1
Q969K3,RNF34,E3,248,1,0,0
Q969P5,FBXO32,E3,249,1,0,0
Q969Q1,TRIM63,E3,250,1,0,0
Q969U6,FBXW5,E3,251,1,0,0
Q969V5,MUL1,E3,252,1,0,1
Q96A61,TRIM52,E3,253,1,0,0
Q96AX9,MIB2,E3,254,1,0,1
Q96BH1,RNF25,E3,255,1,0,0
Q96CA5,BIRC7,E3,256,1,0,0
Q96CS3,FAF2,E3,257,1,0,1
Q96D59,RNF183,E3,258,1,0,0
Q96DX5,ASB9,E3,259,1,0,0
Q96EP0,RNF31,E3,260,1,0,0
Q96EP1,CHFR,E3,261,1,0,1
Q96EQ8,RNF125,E3,262,1,0,1
Q96EX2,RNFT2,E3,263,1,0,0
Q96F44,TRIM11,E3,264,1,0,0
Q96FA3,PELI1,E3,265,1,0,1
Q96GF1,RNF185,E3,266,1,0,0
Q96J02,ITCH,E3,267,1,0,1
Q96JP5,ZFP91,E3,268,1,0,0
Q96JY6,PDLIM2,E3,269,1,0,0
Q96K19,RNF170,E3,270,1,0,0
Q96LD4,TRIM47,E3,271,1,0,0
Q96M02,C10orf90,E3,272,1,0,0
Q96M94,KLHL15,E3,273,1,0,0
Q96ME1,FBXL18,E3,274,1,0,0
Q96MT1,RNF145,E3,275,1,0,0
Q96PM5,RCHY1,E3,276,1,0,0
Q96PU4,UHRF2,E3,277,1,0,0
Q96PU5,NEDD4L,E3,278,1,0,1
Q96Q27,ASB2,E3,279,1,0,0
Q96RU7,TRIB3,E3,280,1,0,1
Q96S21,RAB40C,E3,281,1,0,0
Q96SW2,CRBN,E3,282,1,0,1
Q96T88,UHRF1,E3,283,1,0,1
Q99496,RNF2,E3,284,1,0,1
Q99618,CDCA3,E3,285,1,0,0
Q99619,SPSB2,E3,286,1,0,0
Q99675,CGRRF1,E3,287,1,0,0
Q99728,BARD1,E3,288,1,0,1
Q99942,RNF5,E3,289,1,0,0
Q9BR09,NEURL2,E3,290,1,0,0
Q9BRZ2,TRIM56,E3,291,1,0,0
Q9BSM1,PCGF1,E3,292,1,0,0
Q9BUZ4,TRAF4,E3,293,1,0,1
Q9BV68,RNF126,E3,294,1,0,0
Q9BVG3,TRIM62,E3,295,1,0,1
Q9BWF2,TRAIP,E3,296,1,0,0
Q9BXM7,PINK1,E3,297,1,0,1
Q9BY78,RNF26,E3,298,1,0,0
Q9BYM8,RBCK1,E3,299,1,0,1
Q9BZR9,TRIM8,E3,300,1,0,0
Q9BZY9,TRIM31,E3,301,1,0,1
Q9C019,TRIM15,E3,302,1,0,0
Q9C026,TRIM9,E3,303,1,0,1
Q9C029,TRIM7,E3,304,1,0,0
Q9C030,TRIM6,E3,305,1,0,0
Q9C035,TRIM5,E3,306,1,0,1
Q9C037,TRIM4,E3,307,1,0,0
Q9C040,TRIM2,E3,308,1,0,0
Q9C0C7,AMBRA1,E3,309,1,0,1
Q9C0C9,UBE2O,E3,310,1,0,0
Q9H000,MKRN2,E3,311,1,0,0
Q9H0A0,NAT10,E3,312,1,0,0
Q9H0F5,RNF38,E3,313,1,0,0
Q9H0F6,SHARPIN,E3,314,1,0,0
Q9H0H3,KLHL25,E3,315,1,0,0
Q9H0M0,WWP1,E3,316,1,0,1
Q9H0X6,RNF208,E3,317,1,0,0
Q9H2C0,GAN,E3,318,1,0,0
Q9H2S5,RNF39,E3,319,1,0,0
Q9H3F6,KCTD10,E3,320,1,0,0
Q9H469,FBXL15,E3,321,1,0,0
Q9H4M3,FBXO44,E3,322,1,0,0
Q9H4P4,RNF41,E3,323,1,0,1
Q9H6Y7,RNF167,E3,324,1,0,0
Q9H765,ASB8,E3,325,1,0,0
Q9H992,MARCHF7,E3,326,1,0,1
Q9HAU4,SMURF2,E3,327,1,0,1
Q9HCE7,SMURF1,E3,328,1,0,1
Q9HCI7,MSL2,E3,329,1,0,0
Q9HCM9,TRIM39,E3,330,1,0,0
Q9NPC3,CCNB1IP1,E3,331,1,0,1
Q9NQ86,TRIM36,E3,332,1,0,0
Q9NR09,BIRC6,E3,333,1,0,1
Q9NRD0,FBXO8,E3,334,1,0,0
Q9NRD1,FBXO6,E3,335,1,0,0
Q9NRM6,IL17RB,E3,336,1,0,0
Q9NS56,TOPORS,E3,337,1,0,0
Q9NS91,RAD18,E3,338,1,0,1
Q9NSE2,CISH,E3,339,1,0,0
Q9NTX7,RNF146,E3,340,1,0,0
Q9NV58,RNF19A,E3,341,1,0,1
Q9NVF7,FBXO28,E3,342,1,0,1
Q9NVR0,KLHL11,E3,343,1,0,0
Q9NVW2,RLIM,E3,344,1,0,1
Q9NW38,FANCL,E3,345,1,0,0
Q9NWF9,RNF216,E3,346,1,0,1
Q9NWN3,FBXO34,E3,347,1,0,0
Q9NWZ3,IRAK4,E3,348,1,0,0
Q9NX47,MARCHF5,E3,349,1,0,1
Q9NXF7,DCAF16,E3,350,1,0,0
Q9NXI6,RNF186,E3,351,1,0,0
Q9NXK8,FBXL12,E3,352,1,0,1
Q9NYG5,ANAPC11,E3,353,1,0,0
Q9NZJ0,DTL,E3,354,1,0,1
Q9NZS9,BFAR,E3,355,1,0,0
Q9P0N8,MARCHF2,E3,356,1,0,0
Q9P0P0,RNF181,E3,357,1,0,1
Q9P253,VPS18,E3,358,1,0,0
Q9P2E8,MARCHF4,E3,359,1,0,0
Q9P2G9,KLHL8,E3,360,1,0,0
Q9P2J3,KLHL9,E3,361,1,0,0
Q9P2K6,KLHL42,E3,362,1,0,0
Q9P2N7,KLHL13,E3,363,1,0,0
Q9P2P5,HECW2,E3,364,1,0,1
Q9UBN7,HDAC6,E3,365,1,0,1
Q9UBS8,RNF14,E3,366,1,0,1
Q9UDY8,MALT1,E3,367,1,0,1
Q9UF56,FBXL17,E3,368,1,0,0
Q9UH77,KLHL3,E3,369,1,0,0
Q9UH90,FBXO40,E3,370,1,0,0
Q9UHC7,MKRN1,E3,371,1,0,0
Q9UII4,HERC5,E3,372,1,0,0
Q9UJP4,KLHL21,E3,373,1,0,0
Q9UJT9,FBXL7,E3,374,1,0,1
Q9UJX6,ANAPC2,E3,375,1,0,0
Q9UK22,FBXO2,E3,376,1,0,0
Q9UK96,FBXO10,E3,377,1,0,0
Q9UK97,FBXO9,E3,378,1,0,0
Q9UK99,FBXO3,E3,379,1,0,0
Q9UKA1,FBXL5,E3,380,1,0,0
Q9UKA2,FBXL4,E3,381,1,0,0
Q9UKB1,FBXW11,E3,382,1,0,1
Q9UKC9,FBXL2,E3,383,1,0,0
Q9UKT5,FBXO4,E3,384,1,0,0
Q9UKT6,FBXL21P,E3,385,1,0,0
Q9UKT7,FBXL3,E3,386,1,0,0
Q9UKT8,FBXW2,E3,387,1,0,0
Q9UKV5,AMFR,E3,388,1,0,1
Q9ULT8,HECTD1,E3,389,1,0,1
Q9ULV8,CBLC,E3,390,1,0,0
Q9UM11,FZR1,E3,391,1,0,1
Q9UMS4,PRPF19,E3,392,1,0,1
Q9UNE7,STUB1,E3,393,1,0,1
Q9UNL4,ING4,E3,394,1,0,0
Q9UPN9,TRIM33,E3,395,1,0,0
Q9UPQ4,TRIM35,E3,396,1,0,0
Q9UPQ7,PDZRN3,E3,397,1,0,0
Q9Y252,RNF6,E3,398,1,0,0
Q9Y297,BTRC,E3,399,1,0,1
Q9Y2E6,DTX4,E3,400,1,0,0
Q9Y2K7,KDM2A,E3,401,1,0,0
Q9Y2M5,KLHL20,E3,402,1,0,0
Q9Y314,NOSIP,E3,403,1,0,0
Q9Y3C5,RNF11,E3,404,1,0,1
Q9Y3I1,FBXO7,E3,405,1,0,0
Q9Y4B6,DCAF1,E3,406,1,0,0
Q9Y4K3,TRAF6,E3,407,1,0,1
Q9Y4L5,RNF115,E3,408,1,0,1
Q9Y4X5,ARIH1,E3,409,1,0,0
Q9Y574,ASB4,E3,410,1,0,0
Q9Y575,ASB3,E3,411,1,0,0
Q9Y577,TRIM17,E3,412,1,0,1
Q9Y6I7,WSB1,E3,413,1,0,0
A6NNY8,USP27X,DUB,414,0,1,0
O00487,PSMD14,DUB,415,0,1,0
O00507,USP9Y,DUB,416,0,1,0
O15372,EIF3H,DUB,417,0,1,0
O75317,USP12,DUB,418,0,1,0
O75604,USP2,DUB,419,0,1,0
O94782,USP1,DUB,420,0,1,1
O94966,USP19,DUB,421,0,1,0
P12956,XRCC6,DUB,422,0,1,1
P15374,UCHL3,DUB,423,0,1,0
P35125,USP6,DUB,424,0,1,0
P40818,USP8,DUB,425,0,1,0
P45974,USP5,DUB,426,0,1,1
P46736,BRCC3,DUB,427,0,1,0
P51784,USP11,DUB,428,0,1,0
P54252,ATXN3,DUB,429,0,1,1
P54578,USP14,DUB,430,0,1,0
P62068,USP46,DUB,431,0,1,0
Q01804,OTUD4,DUB,432,0,1,0
Q05CD9,USP8,DUB,433,0,1,0
Q0WX57,USP17L30,DUB,434,0,1,0
Q13107,USP4,DUB,435,0,1,1
Q14694,USP10,DUB,436,0,1,1
Q15018,ABRAXAS2,DUB,437,0,1,0
Q15040,JOSD1,DUB,438,0,1,0
Q4G0A6,MINDY4,DUB,439,0,1,0
Q504Q3,PAN2,DUB,440,0,1,0
Q53GS9,USP39,DUB,441,0,1,0
Q5D1E8,ZC3H12A,DUB,442,0,1,0
Q5T2D3,OTUD3,DUB,443,0,1,0
Q5VV17,OTUD1,DUB,444,0,1,0
Q5VVJ2,MYSM1,DUB,445,0,1,0
Q5VVQ6,YOD1,DUB,446,0,1,0
Q6GQQ9,OTUD7B,DUB,447,0,1,0
Q6P468,USP9X,DUB,448,0,1,0
Q6R6M4,USP17L2,DUB,449,0,1,0
Q70CQ1,USP49,DUB,450,0,1,0
Q70CQ2,USP34,DUB,451,0,1,0
Q70CQ3,USP30,DUB,452,0,1,1
Q70EK8,USP53,DUB,453,0,1,0
Q70EK9,USP51,DUB,454,0,1,0
Q70EL2,USP45,DUB,455,0,1,0
Q70EL3,USP50,DUB,456,0,1,0
Q70EL4,USP43,DUB,457,0,1,0
Q7L8S5,OTUD6A,DUB,458,0,1,0
Q86T82,USP37,DUB,459,0,1,1
Q86UV5,USP48,DUB,460,0,1,0
Q8N5J2,MINDY1,DUB,461,0,1,0
Q8NB14,USP38,DUB,462,0,1,0
Q8TEY7,USP33,DUB,463,0,1,1
Q92560,BAP1,DUB,464,0,1,0
Q92905,COPS5,DUB,465,0,1,1
Q92995,USP13,DUB,466,0,1,0
Q93008,USP9X,DUB,467,0,1,0
Q93009,USP7,DUB,468,0,1,1
Q96BN8,OTULIN,DUB,469,0,1,1
Q96DC9,OTUB2,DUB,470,0,1,0
Q96DX7,TRIM44,DUB,471,0,1,0
Q96FW1,OTUB1,DUB,472,0,1,1
Q96G74,OTUD5,DUB,473,0,1,0
Q96JH7,VCPIP1,DUB,474,0,1,0
Q96K76,USP47,DUB,475,0,1,1
Q96RU2,USP28,DUB,476,0,1,0
Q9BXU7,USP26,DUB,477,0,1,0
Q9H0E7,USP44,DUB,478,0,1,0
Q9H3M9,ATXN3L,DUB,479,0,1,0
Q9H9J4,USP42,DUB,480,0,1,0
Q9HBJ7,USP29,DUB,481,0,1,0
Q9NQC7,CYLD,DUB,482,0,1,1
Q9P275,USP36,DUB,483,0,1,0
Q9P2H5,USP35,DUB,484,0,1,0
Q9UGI0,ZRANB1,DUB,485,0,1,0
Q9UHP3,USP25,DUB,486,0,1,0
Q9UK80,USP21,DUB,487,0,1,0
Q9UMW8,USP18,DUB,488,0,1,1
Q9UPT9,USP22,DUB,489,0,1,0
Q9UPU5,USP24,DUB,490,0,1,0
Q9Y2K6,USP20,DUB,491,0,1,1
Q9Y4E8,USP15,DUB,492,0,1,1
Q9Y5E6,PCDHB3,DUB,493,0,1,0
Q9Y5K5,UCHL5,DUB,494,0,1,1
Q9Y5T5,USP16,DUB,495,0,1,0
Q9Y6I4,USP3,DUB,496,0,1,0
P14635,CCNB1,SUBSTRATE,497,0,0,1
P01730,CD4,SUBSTRATE,498,0,0,1
O00548,DLL1,SUBSTRATE,499,0,0,1
Q9NR61,DLL4,SUBSTRATE,500,0,0,1
Q9NYJ7,DLL3,SUBSTRATE,501,0,0,1
Q9UNE0,EDAR,SUBSTRATE,502,0,0,1
Q14653,IRF3,SUBSTRATE,503,0,0,1
O15105,SMAD7,SUBSTRATE,504,0,0,1
O15350,TP73,SUBSTRATE,505,0,0,1
P11161,EGR2,SUBSTRATE,506,0,0,1
P24928,POLR2A,SUBSTRATE,507,0,0,1
P49281,SLC11A2,SUBSTRATE,508,0,0,1
P60484,PTEN,SUBSTRATE,509,0,0,1
P84022,SMAD3,SUBSTRATE,510,0,0,1
Q01860,POU5F1,SUBSTRATE,511,0,0,1
Q13950,RUNX2,SUBSTRATE,512,0,0,1
Q8IUC6,TICAM1,SUBSTRATE,513,0,0,1
Q9H074,PAIP1,SUBSTRATE,514,0,0,1
Q9P2A4,ABI3,SUBSTRATE,515,0,0,1
Q9UM47,NOTCH3,SUBSTRATE,516,0,0,1
Q9Y5R6,DMT1,SUBSTRATE,517,0,0,1
P50542,PEX5,SUBSTRATE,518,0,0,1
P10912,GHR,SUBSTRATE,519,0,0,1
O75553,DAB1,SUBSTRATE,520,0,0,1
O60674,JAK2,SUBSTRATE,521,0,0,1
P35568,IRS1,SUBSTRATE,522,0,0,1
P40189,IL6ST,SUBSTRATE,523,0,0,1
Q9Y286,SIGLEC7,SUBSTRATE,524,0,0,1
Q9Y4H2,IRS2,SUBSTRATE,525,0,0,1
P10721,KIT,SUBSTRATE,526,0,0,1
P04179,SOD2,SUBSTRATE,527,0,0,1
P04637,TP53,SUBSTRATE,528,0,0,1
P38936,CDKN1A,SUBSTRATE,529,0,0,1
Q8N726,CDKN2A,SUBSTRATE,530,0,0,1
P51668,UBE2D1,SUBSTRATE,531,0,0,1
P54829,STK36,SUBSTRATE,532,0,0,1
P62714,PPP2CB,SUBSTRATE,533,0,0,1
P67775,PPP2CA,SUBSTRATE,534,0,0,1
P78318,IGBP1,SUBSTRATE,535,0,0,1
Q9NRP7,PPP2R4,SUBSTRATE,536,0,0,1
P07948,LYN,SUBSTRATE,537,0,0,1
P15498,VAV1,SUBSTRATE,538,0,0,1
P23458,JAK1,SUBSTRATE,539,0,0,1
Q04206,RELA,SUBSTRATE,540,0,0,1
P10644,PRKAR1A,SUBSTRATE,541,0,0,1
P13861,PRKAR2A,SUBSTRATE,542,0,0,1
P31321,PRKAR1B,SUBSTRATE,543,0,0,1
P31323,PRKAR2B,SUBSTRATE,544,0,0,1
Q8IVT5,KSR1,SUBSTRATE,545,0,0,1
Q9Y4C4,MFHAS1,SUBSTRATE,546,0,0,1
O14974,PPP1R12A,SUBSTRATE,547,0,0,1
O15379,HDAC3,SUBSTRATE,548,0,0,1
O43597,SPRY2,SUBSTRATE,549,0,0,1
O75376,NCOR1,SUBSTRATE,550,0,0,1
O75925,PIAS1,SUBSTRATE,551,0,0,1
O96017,CHEK2,SUBSTRATE,552,0,0,1
P08247,SYP,SUBSTRATE,553,0,0,1
P10275,AR,SUBSTRATE,554,0,0,1
P37275,ZEB1,SUBSTRATE,555,0,0,1
P37840,SNCA,SUBSTRATE,556,0,0,1
P43146,DCC,SUBSTRATE,557,0,0,1
P46527,CDKN1B,SUBSTRATE,558,0,0,1
P55036,PSMD4,SUBSTRATE,559,0,0,1
Q13625,TP53BP2,SUBSTRATE,560,0,0,1
Q16633,POU2AF1,SUBSTRATE,561,0,0,1
Q16656,NRF1,SUBSTRATE,562,0,0,1
Q16665,HIF1A,SUBSTRATE,563,0,0,1
Q92667,AKAP1,SUBSTRATE,564,0,0,1
Q96B97,SH3KBP1,SUBSTRATE,565,0,0,1
Q96KS0,EGLN2,SUBSTRATE,566,0,0,1
Q99933,BAG1,SUBSTRATE,567,0,0,1
Q9BQF6,SENP7,SUBSTRATE,568,0,0,1
Q9BSI4,TINF2,SUBSTRATE,569,0,0,1
Q9GZT9,EGLN1,SUBSTRATE,570,0,0,1
Q9H6Z9,EGLN3,SUBSTRATE,571,0,0,1
Q9NRM7,LATS2,SUBSTRATE,572,0,0,1
Q9NS87,KIF15,SUBSTRATE,573,0,0,1
Q9P212,PLCE1,SUBSTRATE,574,0,0,1
Q9Y6H5,SNCAIP,SUBSTRATE,575,0,0,1
O95295,SNAPIN,SUBSTRATE,576,0,0,1
P04908,H2AC4,SUBSTRATE,577,0,0,1
P0C0S5,H2AZ1,SUBSTRATE,578,0,0,1
P16104,H2AX,SUBSTRATE,579,0,0,1
Q6FI13,H2AC18,SUBSTRATE,580,0,0,1
Q96KK5,H2AC12,SUBSTRATE,581,0,0,1
Q96QV6,H2AC1,SUBSTRATE,582,0,0,1
O00330,PDHX,SUBSTRATE,583,0,0,1
O60885,BRD4,SUBSTRATE,584,0,0,1
O75367,MACROH2A1,SUBSTRATE,585,0,0,1
P03372,ESR1,SUBSTRATE,586,0,0,1
P05412,JUN,SUBSTRATE,587,0,0,1
P06401,PGR,SUBSTRATE,588,0,0,1
P08151,GLI1,SUBSTRATE,589,0,0,1
P10070,GLI2,SUBSTRATE,590,0,0,1
P10071,GLI3,SUBSTRATE,591,0,0,1
P11308,ERG,SUBSTRATE,592,0,0,1
P24864,CCNE1,SUBSTRATE,593,0,0,1
P25440,BRD2,SUBSTRATE,594,0,0,1
P35659,DEK,SUBSTRATE,595,0,0,1
P49327,FASN,SUBSTRATE,596,0,0,1
Q12809,KCNH2,SUBSTRATE,597,0,0,1
Q12888,TP53BP1,SUBSTRATE,598,0,0,1
Q12906,ILF3,SUBSTRATE,599,0,0,1
Q13158,FADD,SUBSTRATE,600,0,0,1
Q14444,CAPRIN1,SUBSTRATE,601,0,0,1
Q15059,BRD3,SUBSTRATE,602,0,0,1
Q16828,DUSP6,SUBSTRATE,603,0,0,1
Q16829,DUSP7,SUBSTRATE,604,0,0,1
Q27J81,INF2,SUBSTRATE,605,0,0,1
Q49A26,GLYR1,SUBSTRATE,606,0,0,1
Q7Z7J5,DPPA2,SUBSTRATE,607,0,0,1
Q99836,MYD88,SUBSTRATE,608,0,0,1
Q9BYW2,SETD2,SUBSTRATE,609,0,0,1
Q9H2X6,HIPK2,SUBSTRATE,610,0,0,1
Q9H5J0,ZBTB3,SUBSTRATE,611,0,0,1
Q9H9S0,NANOG,SUBSTRATE,612,0,0,1
Q9HCU9,BRMS1,SUBSTRATE,613,0,0,1
Q9NZQ7,CD274,SUBSTRATE,614,0,0,1
Q9UER7,DAXX,SUBSTRATE,615,0,0,1
Q9Y6Q9,NCOA3,SUBSTRATE,616,0,0,1
O00429,DNM1L,SUBSTRATE,617,0,0,1
O15354,GPR37,SUBSTRATE,618,0,0,1
O43175,PHGDH,SUBSTRATE,619,0,0,1
O43236,SEPTIN4,SUBSTRATE,620,0,0,1
O60883,GPR37L1,SUBSTRATE,621,0,0,1
O95140,MFN2,SUBSTRATE,622,0,0,1
O95147,NEK2,SUBSTRATE,623,0,0,1
O96020,CCNE2,SUBSTRATE,624,0,0,1
P07437,TUBB,SUBSTRATE,625,0,0,1
P10415,BCL2,SUBSTRATE,626,0,0,1
P19174,PLCG1,SUBSTRATE,627,0,0,1
P19367,HK1,SUBSTRATE,628,0,0,1
P21796,VDAC1,SUBSTRATE,629,0,0,1
P21860,ERBB3,SUBSTRATE,630,0,0,1
P42566,EPS15,SUBSTRATE,631,0,0,1
P46937,YAP1,SUBSTRATE,632,0,0,1
P49792,RANBP2,SUBSTRATE,633,0,0,1
P51955,NEK2,SUBSTRATE,634,0,0,1
P53667,LIMK1,SUBSTRATE,635,0,0,1
P68363,TUBA1B,SUBSTRATE,636,0,0,1
Q07812,BAX,SUBSTRATE,637,0,0,1
Q07817,BCL2L1,SUBSTRATE,638,0,0,1
Q13148,TARDBP,SUBSTRATE,639,0,0,1
Q13155,AIMP2,SUBSTRATE,640,0,0,1
Q14190,SIM2,SUBSTRATE,641,0,0,1
Q15303,ERBB4,SUBSTRATE,642,0,0,1
Q15388,TOMM20,SUBSTRATE,643,0,0,1
Q16342,PDCD2,SUBSTRATE,644,0,0,1
Q6NUN9,ZNF746,SUBSTRATE,645,0,0,1
Q8IWA4,MFN1,SUBSTRATE,646,0,0,1
Q8IXI1,RHOT2,SUBSTRATE,647,0,0,1
Q8IXI2,RHOT1,SUBSTRATE,648,0,0,1
Q96AE4,FUBP1,SUBSTRATE,649,0,0,1
Q96P20,NLRP3,SUBSTRATE,650,0,0,1
Q96QK1,VPS35,SUBSTRATE,651,0,0,1
Q99497,PARK7,SUBSTRATE,652,0,0,1
Q99648,CDCrel-1,SUBSTRATE,653,0,0,1
Q99714,PTPN5,SUBSTRATE,654,0,0,1
Q99719,PRKN,SUBSTRATE,655,0,0,1
Q99962,SH3GL2,SUBSTRATE,656,0,0,1
Q99963,SH3GL3,SUBSTRATE,657,0,0,1
Q9BT88,SYT11,SUBSTRATE,658,0,0,1
Q9NRD5,PICK1,SUBSTRATE,659,0,0,1
Q9NX09,DDIT4,SUBSTRATE,660,0,0,1
Q9NZ45,CISD1,SUBSTRATE,661,0,0,1
Q9UNN5,FAF1,SUBSTRATE,662,0,0,1
Q9Y6K9,IKBKG,SUBSTRATE,663,0,0,1
Q99816,TSG101,SUBSTRATE,664,0,0,1
Q14534,SQLE,SUBSTRATE,665,0,0,1
Q92813,DIO2,SUBSTRATE,666,0,0,1
Q15742,NAB2,SUBSTRATE,667,0,0,1
Q99741,CDC6,SUBSTRATE,668,0,0,1
P04234,CD3D,SUBSTRATE,669,0,0,1
P22736,NR4A1,SUBSTRATE,670,0,0,1
P31749,AKT1,SUBSTRATE,671,0,0,1
P31751,AKT2,SUBSTRATE,672,0,0,1
P55072,VCP,SUBSTRATE,673,0,0,1
P35222,CTNNB1,SUBSTRATE,674,0,0,1
Q16623,STX1A,SUBSTRATE,675,0,0,1
Q16778,H2BC21,SUBSTRATE,676,0,0,1
Q96A08,H2BC1,SUBSTRATE,677,0,0,1
Q9UQ80,PA2G4,SUBSTRATE,678,0,0,1
P00533,EGFR,SUBSTRATE,679,0,0,1
P42224,STAT1,SUBSTRATE,680,0,0,1
Q14457,BECN1,SUBSTRATE,681,0,0,1
Q5VSY0,GKAP1,SUBSTRATE,682,0,0,1
P49815,TSC2,SUBSTRATE,683,0,0,1
Q9BZQ4,NMNAT2,SUBSTRATE,684,0,0,1
Q15555,MAPRE2,SUBSTRATE,685,0,0,1
O76083,PDE9A,SUBSTRATE,686,0,0,1
O14773,TPP1,SUBSTRATE,687,0,0,1
O60934,NBN,SUBSTRATE,688,0,0,1
O75164,KDM4A,SUBSTRATE,689,0,0,1
O94761,RECQL4,SUBSTRATE,690,0,0,1
P0C0S8,H2AC11,SUBSTRATE,691,0,0,1
P12004,PCNA,SUBSTRATE,692,0,0,1
P13010,XRCC5,SUBSTRATE,693,0,0,1
P54132,BLM,SUBSTRATE,694,0,0,1
Q15233,NONO,SUBSTRATE,695,0,0,1
Q16777,H2AC20,SUBSTRATE,696,0,0,1
Q8IUE6,H2AC21,SUBSTRATE,697,0,0,1
Q969R5,L3MBTL2,SUBSTRATE,698,0,0,1
Q9HCU8,POLD4,SUBSTRATE,699,0,0,1
Q9NQR1,KMT5A,SUBSTRATE,700,0,0,1
Q9Y5J3,HEY1,SUBSTRATE,701,0,0,1
O76074,PDE5A,SUBSTRATE,702,0,0,1
P08183,ABCB1,SUBSTRATE,703,0,0,1
P24468,NR2F2,SUBSTRATE,704,0,0,1
Q9Y6B2,EID1,SUBSTRATE,705,0,0,1
O43313,ATMIN,SUBSTRATE,706,0,0,1
O75469,NR1I2,SUBSTRATE,707,0,0,1
O95994,AGR2,SUBSTRATE,708,0,0,1
P01106,MYC,SUBSTRATE,709,0,0,1
P35558,PCK1,SUBSTRATE,710,0,0,1
P42858,HTT,SUBSTRATE,711,0,0,1
P48431,SOX2,SUBSTRATE,712,0,0,1
P49715,CEBPA,SUBSTRATE,713,0,0,1
P50750,CDK9,SUBSTRATE,714,0,0,1
P52907,CAPZA1,SUBSTRATE,715,0,0,1
Q92547,TOPBP1,SUBSTRATE,716,0,0,1
Q9BPZ3,PAIP2,SUBSTRATE,717,0,0,1
O95997,PTTG1,SUBSTRATE,718,0,0,1
Q8IWX7,UNC45B,SUBSTRATE,719,0,0,1
Q99689,FEZ1,SUBSTRATE,720,0,0,1
O95502,NPTXR,SUBSTRATE,721,0,0,1
Q14155,ARHGEF7,SUBSTRATE,722,0,0,1
Q96J92,WNK4,SUBSTRATE,723,0,0,1
Q9BYP7,WNK3,SUBSTRATE,724,0,0,1
Q9H4A3,WNK1,SUBSTRATE,725,0,0,1
Q15653,NFKBIB,SUBSTRATE,726,0,0,1
Q99684,GFI1,SUBSTRATE,727,0,0,1
Q9HC16,APOBEC3G,SUBSTRATE,728,0,0,1
P41229,KDM5C,SUBSTRATE,729,0,0,1
Q96T37,RBM15,SUBSTRATE,730,0,0,1
P23025,XPA,SUBSTRATE,731,0,0,1
P63165,SUMO1,SUBSTRATE,732,0,0,1
Q96JN8,NEURL4,SUBSTRATE,733,0,0,1
O43166,SIPA1L1,SUBSTRATE,734,0,0,1
Q12959,DLG1,SUBSTRATE,735,0,0,1
P07199,CENPB,SUBSTRATE,736,0,0,1
P23497,SP100,SUBSTRATE,737,0,0,1
P41212,ETV6,SUBSTRATE,738,0,0,1
P46100,ATRX,SUBSTRATE,739,0,0,1
P49450,CENPA,SUBSTRATE,740,0,0,1
P78527,PRKDC,SUBSTRATE,741,0,0,1
Q03188,CENPC,SUBSTRATE,742,0,0,1
Q14149,MORC3,SUBSTRATE,743,0,0,1
Q16666,IFI16,SUBSTRATE,744,0,0,1
Q5T5X7,BEND3,SUBSTRATE,745,0,0,1
Q8NAP3,ZBTB38,SUBSTRATE,746,0,0,1
Q96BF6,NACC2,SUBSTRATE,747,0,0,1
Q96DT7,ZBTB10,SUBSTRATE,748,0,0,1
Q96RE7,NACC1,SUBSTRATE,749,0,0,1
Q99856,ARID3A,SUBSTRATE,750,0,0,1
Q9P1Z0,ZBTB4,SUBSTRATE,751,0,0,1
Q9UIS9,MBD1,SUBSTRATE,752,0,0,1
P11021,HSPA5,SUBSTRATE,753,0,0,1
Q14247,CTTN,SUBSTRATE,754,0,0,1
Q16637,SMN1,SUBSTRATE,755,0,0,1
O43623,SNAI2,SUBSTRATE,756,0,0,1
O60315,ZEB2,SUBSTRATE,757,0,0,1
O95863,SNAI1,SUBSTRATE,758,0,0,1
Q15672,TWIST1,SUBSTRATE,759,0,0,1
Q96IZ0,PAWR,SUBSTRATE,760,0,0,1
P21359,NF1,SUBSTRATE,761,0,0,1
P25963,NFKBIA,SUBSTRATE,762,0,0,1
Q13794,PMAIP1,SUBSTRATE,763,0,0,1
Q8TB45,DEPTOR,SUBSTRATE,764,0,0,1
O00750,PIK3C2B,SUBSTRATE,765,0,0,1
Q15561,TEAD4,SUBSTRATE,766,0,0,1
Q9UHD2,TBK1,SUBSTRATE,767,0,0,1
Q9Y6X2,PIAS3,SUBSTRATE,768,0,0,1
C9JYI4,KPNA1,SUBSTRATE,769,0,0,1
P52292,KPNA2,SUBSTRATE,770,0,0,1
P52294,KPNA1,SUBSTRATE,771,0,0,1
Q16695,H3-4,SUBSTRATE,772,0,0,1
O14920,IKBKB,SUBSTRATE,773,0,0,1
P01857,IGHG1,SUBSTRATE,774,0,0,1
P34897,SHMT2,SUBSTRATE,775,0,0,1
P35232,PHB,SUBSTRATE,776,0,0,1
P37198,NUP62,SUBSTRATE,777,0,0,1
P49915,GMPS,SUBSTRATE,778,0,0,1
Q02556,IRF8,SUBSTRATE,779,0,0,1
Q2F514,X,SUBSTRATE,780,0,0,1
Q92985,IRF7,SUBSTRATE,781,0,0,1
Q9H211,CDT1,SUBSTRATE,782,0,0,1
Q13546,RIPK1,SUBSTRATE,783,0,0,1
Q9NR96,TLR9,SUBSTRATE,784,0,0,1
O14964,HGS,SUBSTRATE,785,0,0,1
O43521,BCL2L11,SUBSTRATE,786,0,0,1
O94875,SORBS2,SUBSTRATE,787,0,0,1
O95644,NFATC1,SUBSTRATE,788,0,0,1
P00519,ABL1,SUBSTRATE,789,0,0,1
P04085,PDGFA,SUBSTRATE,790,0,0,1
P04271,S100B,SUBSTRATE,791,0,0,1
P04626,ERBB2,SUBSTRATE,792,0,0,1
P06127,CD5,SUBSTRATE,793,0,0,1
P06239,LCK,SUBSTRATE,794,0,0,1
P06241,FYN,SUBSTRATE,795,0,0,1
P07333,CSF1R,SUBSTRATE,796,0,0,1
P07947,YES1,SUBSTRATE,797,0,0,1
P08069,IGF1R,SUBSTRATE,798,0,0,1
P08138,NGFR,SUBSTRATE,799,0,0,1
P08581,MET,SUBSTRATE,800,0,0,1
P08648,ITGA5,SUBSTRATE,801,0,0,1
P09619,PDGFRB,SUBSTRATE,802,0,0,1
P09769,FGR,SUBSTRATE,803,0,0,1
P11274,BCR,SUBSTRATE,804,0,0,1
P11362,FGFR1,SUBSTRATE,805,0,0,1
P12318,FCGR2A,SUBSTRATE,806,0,0,1
P12931,SRC,SUBSTRATE,807,0,0,1
P13569,CFTR,SUBSTRATE,808,0,0,1
P16234,PDGFRA,SUBSTRATE,809,0,0,1
P17948,FLT1,SUBSTRATE,810,0,0,1
P21802,FGFR2,SUBSTRATE,811,0,0,1
P22455,FGFR4,SUBSTRATE,812,0,0,1
P22607,FGFR3,SUBSTRATE,813,0,0,1
P27986,PIK3R1,SUBSTRATE,814,0,0,1
P29317,EPHA2,SUBSTRATE,815,0,0,1
P29322,EPHA8,SUBSTRATE,816,0,0,1
P31785,IL2RG,SUBSTRATE,817,0,0,1
P35968,KDR,SUBSTRATE,818,0,0,1
P40238,MPL,SUBSTRATE,819,0,0,1
P42229,STAT5A,SUBSTRATE,820,0,0,1
P42345,MTOR,SUBSTRATE,821,0,0,1
P43403,ZAP70,SUBSTRATE,822,0,0,1
P43405,SYK,SUBSTRATE,823,0,0,1
P46109,CRKL,SUBSTRATE,824,0,0,1
P48736,PIK3CG,SUBSTRATE,825,0,0,1
P51692,STAT5B,SUBSTRATE,826,0,0,1
P54762,EPHB1,SUBSTRATE,827,0,0,1
P55085,F2RL1,SUBSTRATE,828,0,0,1
Q02763,TEK,SUBSTRATE,829,0,0,1
Q04912,MST1R,SUBSTRATE,830,0,0,1
Q7Z698,SPRED2,SUBSTRATE,831,0,0,1
Q8TBZ2,MYCBPAP,SUBSTRATE,832,0,0,1
Q8WU20,FRS2,SUBSTRATE,833,0,0,1
Q96JA1,LRIG1,SUBSTRATE,834,0,0,1
Q9UGK3,STAP2,SUBSTRATE,835,0,0,1
Q9UM73,ALK,SUBSTRATE,836,0,0,1
P04554,PRM2,SUBSTRATE,837,0,0,1
Q9P0W2,HMG20B,SUBSTRATE,838,0,0,1
P68431,H3C12,SUBSTRATE,839,0,0,1
O75496,GMNN,SUBSTRATE,840,0,0,1
P20671,H2AC7,SUBSTRATE,841,0,0,1
P23921,RRM1,SUBSTRATE,842,0,0,1
Q7L7L0,HIST3H2A,SUBSTRATE,843,0,0,1
Q93077,HIST1H2AC,SUBSTRATE,844,0,0,1
Q99878,HIST1H2AJ,SUBSTRATE,845,0,0,1
P15941,MUC1,SUBSTRATE,846,0,0,1
Q9BQE4,SELENOS,SUBSTRATE,847,0,0,1
Q9Y6D0,SELENOK,SUBSTRATE,848,0,0,1
O14818,PSMA7,SUBSTRATE,849,0,0,1
P06748,NPM1,SUBSTRATE,850,0,0,1
P0DP91,ERCC6,SUBSTRATE,851,0,0,1
P11388,TOP2A,SUBSTRATE,852,0,0,1
P14859,POU2F1,SUBSTRATE,853,0,0,1
P23258,TUBG1,SUBSTRATE,854,0,0,1
P30307,CDC25C,SUBSTRATE,855,0,0,1
P35240,NF2,SUBSTRATE,856,0,0,1
P52434,POLR2H,SUBSTRATE,857,0,0,1
Q13133,NR1H3,SUBSTRATE,858,0,0,1
Q2PQ59,TOP2alpha,SUBSTRATE,859,0,0,1
Q86WV6,HIST1H2AB,SUBSTRATE,860,0,0,1
Q99708,RBBP8,SUBSTRATE,861,0,0,1
Q9BXW9,FANCD2,SUBSTRATE,862,0,0,1
Q9HAW4,CLSPN,SUBSTRATE,863,0,0,1
O14503,BHLHE40,SUBSTRATE,864,0,0,1
O14641,DVL2,SUBSTRATE,865,0,0,1
P02751,FN1,SUBSTRATE,866,0,0,1
P07550,ADRB2,SUBSTRATE,867,0,0,1
P10909,CLU,SUBSTRATE,868,0,0,1
P36897,TGFBR1,SUBSTRATE,869,0,0,1
P41743,PRKCI,SUBSTRATE,870,0,0,1
P48200,IREB2,SUBSTRATE,871,0,0,1
P62487,POLR2G,SUBSTRATE,872,0,0,1
Q14103,HNRNPD,SUBSTRATE,873,0,0,1
Q8N122,RPTOR,SUBSTRATE,874,0,0,1
Q99814,EPAS1,SUBSTRATE,875,0,0,1
Q9GZQ8,MAP1LC3B,SUBSTRATE,876,0,0,1
Q9NWT6,HIF1AN,SUBSTRATE,877,0,0,1
Q9Y2N7,HIF3A,SUBSTRATE,878,0,0,1
O43303,CCP110,SUBSTRATE,879,0,0,1
P31350,RRM2,SUBSTRATE,880,0,0,1
A8MYT4,PIK3C3,SUBSTRATE,881,0,0,1
O14980,XPO1,SUBSTRATE,882,0,0,1
O15399,GRIN2D,SUBSTRATE,883,0,0,1
O15431,SLC31A1,SUBSTRATE,884,0,0,1
O43490,PROM1,SUBSTRATE,885,0,0,1
O75113,N4BP1,SUBSTRATE,886,0,0,1
O75444,MAF,SUBSTRATE,887,0,0,1
O75473,LGR5,SUBSTRATE,888,0,0,1
O75843,AP1G2,SUBSTRATE,889,0,0,1
O95999,BCL10,SUBSTRATE,890,0,0,1
P01111,NRAS,SUBSTRATE,891,0,0,1
P01112,HRAS,SUBSTRATE,892,0,0,1
P01116,KRAS,SUBSTRATE,893,0,0,1
P04198,MYCN,SUBSTRATE,894,0,0,1
P04629,NTRK1,SUBSTRATE,895,0,0,1
P10114,RAP2A,SUBSTRATE,896,0,0,1
P17302,GJA1,SUBSTRATE,897,0,0,1
P19634,SLC9A1,SUBSTRATE,898,0,0,1
P23759,PAX7,SUBSTRATE,899,0,0,1
P25116,F2R,SUBSTRATE,900,0,0,1
P27216,ANXA13,SUBSTRATE,901,0,0,1
P42261,GRIA1,SUBSTRATE,902,0,0,1
P43005,SLC1A1,SUBSTRATE,903,0,0,1
P46531,NOTCH1,SUBSTRATE,904,0,0,1
P51168,SCNN1B,SUBSTRATE,905,0,0,1
P51170,SCNN1G,SUBSTRATE,906,0,0,1
Q01628,IFITM3,SUBSTRATE,907,0,0,1
Q01959,SLC6A3,SUBSTRATE,908,0,0,1
Q07912,TNK2,SUBSTRATE,909,0,0,1
Q13571,LAPTM5,SUBSTRATE,910,0,0,1
Q14524,SCN5A,SUBSTRATE,911,0,0,1
Q15012,LAPTM4A,SUBSTRATE,912,0,0,1
Q16655,MLANA,SUBSTRATE,913,0,0,1
Q2KJY2,KIF26B,SUBSTRATE,914,0,0,1
Q4VCS5,AMOT,SUBSTRATE,915,0,0,1
Q5MJ70,SPDYA,SUBSTRATE,916,0,0,1
Q6PJG6,BRAT1,SUBSTRATE,917,0,0,1
Q8WUM4,PDCD6IP,SUBSTRATE,918,0,0,1
Q92734,TFG,SUBSTRATE,919,0,0,1
Q969T9,WBP2,SUBSTRATE,920,0,0,1
Q96BF3,TMIGD2,SUBSTRATE,921,0,0,1
Q96FV9,THOC1,SUBSTRATE,922,0,0,1
Q96GG9,DCUN1D1,SUBSTRATE,923,0,0,1
Q96NT3,GUCD1,SUBSTRATE,924,0,0,1
Q99755,PIP5K1A,SUBSTRATE,925,0,0,1
Q9BSA4,TTYH2,SUBSTRATE,926,0,0,1
Q9BT67,NDFIP1,SUBSTRATE,927,0,0,1
Q9BXB1,LGR4,SUBSTRATE,928,0,0,1
Q9H4B6,SAV1,SUBSTRATE,929,0,0,1
Q9NV92,NDFIP2,SUBSTRATE,930,0,0,1
Q9NYA4,MTMR4,SUBSTRATE,931,0,0,1
Q9NZ52,GGA3,SUBSTRATE,932,0,0,1
Q9UBF6,RNF7,SUBSTRATE,933,0,0,1
Q9UIH9,KLF15,SUBSTRATE,934,0,0,1
Q9UJM3,ERRFI1,SUBSTRATE,935,0,0,1
Q9UKG1,APPL1,SUBSTRATE,936,0,0,1
Q9Y243,AKT3,SUBSTRATE,937,0,0,1
Q9Y4G8,RAPGEF2,SUBSTRATE,938,0,0,1
Q9Y5U5,TNFRSF18,SUBSTRATE,939,0,0,1
P10244,MYBL2,SUBSTRATE,940,0,0,1
Q03060,CREM,SUBSTRATE,941,0,0,1
P54652,HSPA2,SUBSTRATE,942,0,0,1
P23443,RPS6KB1,SUBSTRATE,943,0,0,1
Q16236,NFE2L2,SUBSTRATE,944,0,0,1
Q9UMX1,SUFU,SUBSTRATE,945,0,0,1
Q9P126,CLEC1B,SUBSTRATE,946,0,0,1
Q8IUX4,APOBEC3F,SUBSTRATE,947,0,0,1
Q9NRW3,APOBEC3C,SUBSTRATE,948,0,0,1
P08047,SP1,SUBSTRATE,949,0,0,1
P43268,ETV4,SUBSTRATE,950,0,0,1
P54253,ATXN1,SUBSTRATE,951,0,0,1
P61956,SUMO2,SUBSTRATE,952,0,0,1
Q8N907,DAND5,SUBSTRATE,953,0,0,1
Q92674,CENPI,SUBSTRATE,954,0,0,1
P01889,HLA-B,SUBSTRATE,955,0,0,1
P05362,ICAM1,SUBSTRATE,956,0,0,1
P15260,IFNGR1,SUBSTRATE,957,0,0,1
P15813,CD1D,SUBSTRATE,958,0,0,1
P16284,PECAM1,SUBSTRATE,959,0,0,1
P42081,CD86,SUBSTRATE,960,0,0,1
Q10589,BST2,SUBSTRATE,961,0,0,1
Q13740,ALCAM,SUBSTRATE,962,0,0,1
P04439,HLA-A,SUBSTRATE,963,0,0,1
O14618,CCS,SUBSTRATE,964,0,0,1
O15392,BIRC5,SUBSTRATE,965,0,0,1
O43318,MAP3K7,SUBSTRATE,966,0,0,1
O43353,RIPK2,SUBSTRATE,967,0,0,1
O95831,AIFM1,SUBSTRATE,968,0,0,1
P04049,RAF1,SUBSTRATE,969,0,0,1
P0DMV8,HSPA1A,SUBSTRATE,970,0,0,1
P42574,CASP3,SUBSTRATE,971,0,0,1
P55008,AIF1,SUBSTRATE,972,0,0,1
P55210,CASP7,SUBSTRATE,973,0,0,1
P55211,CASP9,SUBSTRATE,974,0,0,1
P57078,RIPK4,SUBSTRATE,975,0,0,1
Q04724,TLE1,SUBSTRATE,976,0,0,1
Q04725,TLE2,SUBSTRATE,977,0,0,1
Q04726,TLE3,SUBSTRATE,978,0,0,1
Q04727,TLE4,SUBSTRATE,979,0,0,1
Q08117,TLE5,SUBSTRATE,980,0,0,1
Q14790,CASP8,SUBSTRATE,981,0,0,1
Q6GPH4,XAF1,SUBSTRATE,982,0,0,1
Q8N668,COMMD1,SUBSTRATE,983,0,0,1
Q96HS1,PGAM5,SUBSTRATE,984,0,0,1
Q99759,MAP3K3,SUBSTRATE,985,0,0,1
Q9NR28,DIABLO,SUBSTRATE,986,0,0,1
Q9Y2U5,MAP3K2,SUBSTRATE,987,0,0,1
O14746,TERT,SUBSTRATE,988,0,0,1
O15055,PER2,SUBSTRATE,989,0,0,1
O15145,ARPC3,SUBSTRATE,990,0,0,1
O15273,TCAP,SUBSTRATE,991,0,0,1
O43463,SUV39H1,SUBSTRATE,992,0,0,1
O43524,FOXO3,SUBSTRATE,993,0,0,1
O43602,DCX,SUBSTRATE,994,0,0,1
O60381,HBP1,SUBSTRATE,995,0,0,1
O60936,NOL3,SUBSTRATE,996,0,0,1
O75417,POLQ,SUBSTRATE,997,0,0,1
O94916,NFAT5,SUBSTRATE,998,0,0,1
O94992,HEXIM1,SUBSTRATE,999,0,0,1
P00374,DHFR,SUBSTRATE,1000,0,0,1
P04150,NR3C1,SUBSTRATE,1001,0,0,1
P06400,RB1,SUBSTRATE,1002,0,0,1
P10276,RARA,SUBSTRATE,1003,0,0,1
P10914,IRF1,SUBSTRATE,1004,0,0,1
P14316,IRF2,SUBSTRATE,1005,0,0,1
P15259,PGAM2,SUBSTRATE,1006,0,0,1
P15880,RPS2,SUBSTRATE,1007,0,0,1
P18847,ATF3,SUBSTRATE,1008,0,0,1
P19338,NCL,SUBSTRATE,1009,0,0,1
P24522,GADD45A,SUBSTRATE,1010,0,0,1
P25098,ADRBK1,SUBSTRATE,1011,0,0,1
P27695,APEX1,SUBSTRATE,1012,0,0,1
P32121,ARRB2,SUBSTRATE,1013,0,0,1
P35637,FUS,SUBSTRATE,1014,0,0,1
P40424,PBX1,SUBSTRATE,1015,0,0,1
P40763,STAT3,SUBSTRATE,1016,0,0,1
P41181,AQP2,SUBSTRATE,1017,0,0,1
P46695,IER3,SUBSTRATE,1018,0,0,1
P49137,MAPKAPK2,SUBSTRATE,1019,0,0,1
P49407,ARRB1,SUBSTRATE,1020,0,0,1
P49757,NUMB,SUBSTRATE,1021,0,0,1
P61254,RPL26,SUBSTRATE,1022,0,0,1
P62979,RPS27A,SUBSTRATE,1023,0,0,1
P78352,DLG4,SUBSTRATE,1024,0,0,1
P98177,FOXO4,SUBSTRATE,1025,0,0,1
Q01094,E2F1,SUBSTRATE,1026,0,0,1
Q08499,PDE4D,SUBSTRATE,1027,0,0,1
Q12778,FOXO1,SUBSTRATE,1028,0,0,1
Q13469,NFATC2,SUBSTRATE,1029,0,0,1
Q13761,RUNX3,SUBSTRATE,1030,0,0,1
Q14191,WRN,SUBSTRATE,1031,0,0,1
Q15334,LLGL1,SUBSTRATE,1032,0,0,1
Q15361,TTF1,SUBSTRATE,1033,0,0,1
Q15466,NR0B2,SUBSTRATE,1034,0,0,1
Q15849,SLC14A2,SUBSTRATE,1035,0,0,1
Q7LG56,RRM2B,SUBSTRATE,1036,0,0,1
Q86Z02,HIPK1,SUBSTRATE,1037,0,0,1
Q8N9B5,JMY,SUBSTRATE,1038,0,0,1
Q92731,ESR2,SUBSTRATE,1039,0,0,1
Q92793,CREBBP,SUBSTRATE,1040,0,0,1
Q92831,KAT2B,SUBSTRATE,1041,0,0,1
Q92993,KAT5,SUBSTRATE,1042,0,0,1
Q96AQ6,PBXIP1,SUBSTRATE,1043,0,0,1
Q9BVP2,GNL3,SUBSTRATE,1044,0,0,1
Q9BZS1,FOXP3,SUBSTRATE,1045,0,0,1
Q9GZR7,DDX24,SUBSTRATE,1046,0,0,1
Q9UHR4,BAIAP2L1,SUBSTRATE,1047,0,0,1
Q9Y2R9,MRPS7,SUBSTRATE,1048,0,0,1
O00327,ARNTL,SUBSTRATE,1049,0,0,1
P04083,ANXA1,SUBSTRATE,1050,0,0,1
P06733,ENO1,SUBSTRATE,1051,0,0,1
P26045,PTPN3,SUBSTRATE,1052,0,0,1
P33993,MCM7,SUBSTRATE,1053,0,0,1
P51451,BLK,SUBSTRATE,1054,0,0,1
P54727,RAD23B,SUBSTRATE,1055,0,0,1
P54821,PRRX1,SUBSTRATE,1056,0,0,1
Q06830,PRDX1,SUBSTRATE,1057,0,0,1
Q14160,SCRIB,SUBSTRATE,1058,0,0,1
Q16611,BAK1,SUBSTRATE,1059,0,0,1
Q8IXH7,NELFCD,SUBSTRATE,1060,0,0,1
Q8WTU0,DDI1,SUBSTRATE,1061,0,0,1
Q9HD26,GOPC,SUBSTRATE,1062,0,0,1
Q9H4L7,SMARCAD1,SUBSTRATE,1063,0,0,1
O60566,BUB1B,SUBSTRATE,1064,0,0,1
P13762,HLA-DRB4,SUBSTRATE,1065,0,0,1
P20248,CCNA2,SUBSTRATE,1066,0,0,1
P49454,CENPF,SUBSTRATE,1067,0,0,1
Q01196,RUNX1,SUBSTRATE,1068,0,0,1
Q03164,KMT2A,SUBSTRATE,1069,0,0,1
Q07820,MCL1,SUBSTRATE,1070,0,0,1
Q15784,NEUROD2,SUBSTRATE,1071,0,0,1
Q9H492,MAP1LC3A,SUBSTRATE,1072,0,0,1
Q9NS23,RASSF1,SUBSTRATE,1073,0,0,1
Q9UBZ9,REV1,SUBSTRATE,1074,0,0,1
Q9UPP1,PHF8,SUBSTRATE,1075,0,0,1
Q9Y2T1,AXIN2,SUBSTRATE,1076,0,0,1
Q9Y4A5,TRRAP,SUBSTRATE,1077,0,0,1
P00966,ASS1,SUBSTRATE,1078,0,0,1
Q13105,ZBTB17,SUBSTRATE,1079,0,0,1
Q13601,KRR1,SUBSTRATE,1080,0,0,1
Q13627,DYRK1A,SUBSTRATE,1081,0,0,1
Q14164,IKBKE,SUBSTRATE,1082,0,0,1
Q15759,MAPK11,SUBSTRATE,1083,0,0,1
Q96BY2,MOAP1,SUBSTRATE,1084,0,0,1
Q99558,MAP3K14,SUBSTRATE,1085,0,0,1
P17661,DES,SUBSTRATE,1086,0,0,1
P68133,ACTA1,SUBSTRATE,1087,0,0,1
Q05513,PRKCZ,SUBSTRATE,1088,0,0,1
Q96EV8,DTNBP1,SUBSTRATE,1089,0,0,1
Q9BXC9,BBS2,SUBSTRATE,1090,0,0,1
Q9H9R9,DBNDD1,SUBSTRATE,1091,0,0,1
Q9NYB9,ABI2,SUBSTRATE,1092,0,0,1
P11940,PABPC1,SUBSTRATE,1093,0,0,1
O75385,ULK1,SUBSTRATE,1094,0,0,1
P63279,UBE2I,SUBSTRATE,1095,0,0,1
O00459,PIK3R2,SUBSTRATE,1096,0,0,1
P20963,CD247,SUBSTRATE,1097,0,0,1
Q9I788,exoT,SUBSTRATE,1098,0,0,1
Q03468,ERCC6,SUBSTRATE,1099,0,0,1
P15408,FOSL2,SUBSTRATE,1100,0,0,1
P27361,MAPK3,SUBSTRATE,1101,0,0,1
P28482,MAPK1,SUBSTRATE,1102,0,0,1
P07203,GPX1,SUBSTRATE,1103,0,0,1
P09467,FBP1,SUBSTRATE,1104,0,0,1
Q13131,PRKAA1,SUBSTRATE,1105,0,0,1
A9UEZ6,BCR/ABL fusion,SUBSTRATE,1106,0,0,1
O00221,NFKBIE,SUBSTRATE,1107,0,0,1
O00233,PSMD9,SUBSTRATE,1108,0,0,1
O00399,DCTN6,SUBSTRATE,1109,0,0,1
O15553,MEFV,SUBSTRATE,1110,0,0,1
P03129,E7,SUBSTRATE,1111,0,0,1
P06790,E2,SUBSTRATE,1112,0,0,1
P15923,TCF3,SUBSTRATE,1113,0,0,1
P17542,TAL1,SUBSTRATE,1114,0,0,1
P24385,CCND1,SUBSTRATE,1115,0,0,1
P28562,DUSP1,SUBSTRATE,1116,0,0,1
P36639,NUDT1,SUBSTRATE,1117,0,0,1
P49336,CDK8,SUBSTRATE,1118,0,0,1
P49918,CDKN1C,SUBSTRATE,1119,0,0,1
P50616,TOB1,SUBSTRATE,1120,0,0,1
P51587,BRCA2,SUBSTRATE,1121,0,0,1
P52333,JAK3,SUBSTRATE,1122,0,0,1
P55895,RAG2,SUBSTRATE,1123,0,0,1
P61587,RND3,SUBSTRATE,1124,0,0,1
P78543,BTG2,SUBSTRATE,1125,0,0,1
P98174,FGD1,SUBSTRATE,1126,0,0,1
Q08999,RBL2,SUBSTRATE,1127,0,0,1
Q13415,ORC1,SUBSTRATE,1128,0,0,1
Q13485,SMAD4,SUBSTRATE,1129,0,0,1
Q15831,STK11,SUBSTRATE,1130,0,0,1
Q53EL6,PDCD4,SUBSTRATE,1131,0,0,1
Q6PGQ7,BORA,SUBSTRATE,1132,0,0,1
Q7L523,RRAGA,SUBSTRATE,1133,0,0,1
Q86X55,CARM1,SUBSTRATE,1134,0,0,1
Q8WWM9,CYGB,SUBSTRATE,1135,0,0,1
Q96FS4,SIPA1,SUBSTRATE,1136,0,0,1
Q99607,ELF4,SUBSTRATE,1137,0,0,1
Q99801,NKX3-1,SUBSTRATE,1138,0,0,1
Q9BYF1,ACE2,SUBSTRATE,1139,0,0,1
Q9HCS4,TCF7L1,SUBSTRATE,1140,0,0,1
Q9NTG7,SIRT3,SUBSTRATE,1141,0,0,1
Q9NXR8,ING3,SUBSTRATE,1142,0,0,1
Q86VP3,PACS2,SUBSTRATE,1143,0,0,1
Q9Y572,RIPK3,SUBSTRATE,1144,0,0,1
P55060,CSE1L,SUBSTRATE,1145,0,0,1
P63000,RAC1,SUBSTRATE,1146,0,0,1
Q05195,MXD1,SUBSTRATE,1147,0,0,1
Q8NBP7,PCSK9,SUBSTRATE,1148,0,0,1
Q99683,MAP3K5,SUBSTRATE,1149,0,0,1
Q9Y6D9,MAD1L1,SUBSTRATE,1150,0,0,1
P00338,LDHA,SUBSTRATE,1151,0,0,1
P61586,RHOA,SUBSTRATE,1152,0,0,1
P67870,CSNK2B,SUBSTRATE,1153,0,0,1
P25205,MCM3,SUBSTRATE,1154,0,0,1
P48436,SOX9,SUBSTRATE,1155,0,0,1
Q86YC2,PALB2,SUBSTRATE,1156,0,0,1
P31947,SFN,SUBSTRATE,1157,0,0,1
Q13330,MTA1,SUBSTRATE,1158,0,0,1
Q13887,KLF5,SUBSTRATE,1159,0,0,1
Q15911,ZFHX3,SUBSTRATE,1160,0,0,1
Q7Z434,MAVS,SUBSTRATE,1161,0,0,1
Q96RK0,CIC,SUBSTRATE,1162,0,0,1
P35712,SOX6,SUBSTRATE,1163,0,0,1
Q13564,NAE1,SUBSTRATE,1164,0,0,1
Q8N6T3,ARFGAP1,SUBSTRATE,1165,0,0,1
Q969G3,SMARCE1,SUBSTRATE,1166,0,0,1
O15169,AXIN1,SUBSTRATE,1167,0,0,1
O75155,CAND2,SUBSTRATE,1168,0,0,1
Q09666,AHNAK,SUBSTRATE,1169,0,0,1
Q8NEB9,PIK3C3,SUBSTRATE,1170,0,0,1
O00482,NR5A2,SUBSTRATE,1171,0,0,1
O75909,CCNK,SUBSTRATE,1172,0,0,1
Q6ZN17,LIN28B,SUBSTRATE,1173,0,0,1
O94979,SEC31A,SUBSTRATE,1174,0,0,1
P21917,DRD4,SUBSTRATE,1175,0,0,1
Q92945,KHSRP,SUBSTRATE,1176,0,0,1
Q92997,DVL3,SUBSTRATE,1177,0,0,1
Q9C0E8,LNPK,SUBSTRATE,1178,0,0,1
Q9NQW1,SEC31B,SUBSTRATE,1179,0,0,1
Q9UBV8,PEF1,SUBSTRATE,1180,0,0,1
O75140,DEPDC5,SUBSTRATE,1181,0,0,1
P53350,PLK1,SUBSTRATE,1182,0,0,1
P00441,SOD1,SUBSTRATE,1183,0,0,1
P01023,A2M,SUBSTRATE,1184,0,0,1
P01903,HLA-DRA,SUBSTRATE,1185,0,0,1
P01911,HLA-DRB1,SUBSTRATE,1186,0,0,1
P01912,HLA-DRB1,SUBSTRATE,1187,0,0,1
P02786,TFRC,SUBSTRATE,1188,0,0,1
P04229,HLA-DRB1,SUBSTRATE,1189,0,0,1
P04233,CD74,SUBSTRATE,1190,0,0,1
P08195,SLC3A2,SUBSTRATE,1191,0,0,1
P08684,CYP3A4,SUBSTRATE,1192,0,0,1
P13760,HLA-DRB1,SUBSTRATE,1193,0,0,1
P13761,HLA-DRB1,SUBSTRATE,1194,0,0,1
P20039,HLA-DRB1,SUBSTRATE,1195,0,0,1
P33076,CIITA,SUBSTRATE,1196,0,0,1
P79483,HLA-DRB3,SUBSTRATE,1197,0,0,1
Q29974,HLA-DRB1,SUBSTRATE,1198,0,0,1
Q30134,HLA-DRB1,SUBSTRATE,1199,0,0,1
Q30154,HLA-DRB5,SUBSTRATE,1200,0,0,1
Q30167,HLA-DRB1,SUBSTRATE,1201,0,0,1
Q5Y7A7,HLA-DRB1,SUBSTRATE,1202,0,0,1
Q95IE3,HLA-DRB1,SUBSTRATE,1203,0,0,1
Q9GIY3,HLA-DRB1,SUBSTRATE,1204,0,0,1
Q9NPH3,IL1RAP,SUBSTRATE,1205,0,0,1
Q9TQE0,HLA-DRB1,SUBSTRATE,1206,0,0,1
Q9H2D6,TRIOBP,SUBSTRATE,1207,0,0,1
Q9UNK0,STX8,SUBSTRATE,1208,0,0,1
Q15678,PTPN14,SUBSTRATE,1209,0,0,1
Q9NQA5,TRPV5,SUBSTRATE,1210,0,0,1
P43357,MAGEA3,SUBSTRATE,1211,0,0,1
P43360,MAGEA6,SUBSTRATE,1212,0,0,1
Q15773,MLF2,SUBSTRATE,1213,0,0,1
Q9Y6W8,ICOS,SUBSTRATE,1214,0,0,1
O75182,SIN3B,SUBSTRATE,1215,0,0,1
Q96ST3,SIN3A,SUBSTRATE,1216,0,0,1
P62807,H2BC4,SUBSTRATE,1217,0,0,1
P03427,PB2,SUBSTRATE,1218,0,0,1
P19838,NFKB1,SUBSTRATE,1219,0,0,1
P45973,CBX5,SUBSTRATE,1220,0,0,1
P83916,CBX1,SUBSTRATE,1221,0,0,1
Q16589,CCNG2,SUBSTRATE,1222,0,0,1
P30279,CCND2,SUBSTRATE,1223,0,0,1
P52564,MAP2K6,SUBSTRATE,1224,0,0,1
Q9NPB6,PARD6A,SUBSTRATE,1225,0,0,1
P00367,GLUD1,SUBSTRATE,1226,0,0,1
Q14498,RBM39,SUBSTRATE,1227,0,0,1
Q13467,FZD5,SUBSTRATE,1228,0,0,1
Q9ULX6,AKAP8L,SUBSTRATE,1229,0,0,1
Q13547,HDAC1,SUBSTRATE,1230,0,0,1
P35609,ACTN2,SUBSTRATE,1231,0,0,1
Q14315,FLNC,SUBSTRATE,1232,0,0,1
Q06609,RAD51,SUBSTRATE,1233,0,0,1
P43699,NKX2-1,SUBSTRATE,1234,0,0,1
P60953,CDC42,SUBSTRATE,1235,0,0,1
Q01638,IL1RL1,SUBSTRATE,1236,0,0,1
P07355,ANXA2,SUBSTRATE,1237,0,0,1
P19320,VCAM1,SUBSTRATE,1238,0,0,1
Q8NDV7,TNRC6A,SUBSTRATE,1239,0,0,1
Q9NRY4,ARHGAP35,SUBSTRATE,1240,0,0,1
O43474,KLF4,SUBSTRATE,1241,0,0,1
O00141,SGK1,SUBSTRATE,1242,0,0,1
Q13002,GRIK2,SUBSTRATE,1243,0,0,1
B3EWF7,EPM2A,SUBSTRATE,1244,0,0,1
O95278,EPM2A,SUBSTRATE,1245,0,0,1
P35573,AGL,SUBSTRATE,1246,0,0,1
Q9UQK1,PPP1R3C,SUBSTRATE,1247,0,0,1
Q8N6P7,IL22RA1,SUBSTRATE,1248,0,0,1
Q9NWZ5,UCKL1,SUBSTRATE,1249,0,0,1
O95149,SNUPN,SUBSTRATE,1250,0,0,1
P12755,SKI,SUBSTRATE,1251,0,0,1
P12757,SKIL,SUBSTRATE,1252,0,0,1
Q15796,SMAD2,SUBSTRATE,1253,0,0,1
Q93070,ART4,SUBSTRATE,1254,0,0,1
O14640,DVL1,SUBSTRATE,1255,0,0,1
O00763,ACACB,SUBSTRATE,1256,0,0,1
Q13085,ACACA,SUBSTRATE,1257,0,0,1
Q53ET0,CRTC2,SUBSTRATE,1258,0,0,1
O60294,LCMT2,SUBSTRATE,1259,0,0,1
Q9UNH5,CDC14A,SUBSTRATE,1260,0,0,1
P62993,GRB2,SUBSTRATE,1261,0,0,1
P67809,YBX1,SUBSTRATE,1262,0,0,1
P48048,KCNJ1,SUBSTRATE,1263,0,0,1
P63252,KCNJ2,SUBSTRATE,1264,0,0,1
Q15011,HERPUD1,SUBSTRATE,1265,0,0,1
Q9UBP5,HEY2,SUBSTRATE,1266,0,0,1
O00303,EIF3F,SUBSTRATE,1267,0,0,1
O14757,CHEK1,SUBSTRATE,1268,0,0,1
O15294,OGT,SUBSTRATE,1269,0,0,1
P06746,POLB,SUBSTRATE,1270,0,0,1
P15172,MYOD1,SUBSTRATE,1271,0,0,1
P16401,H1-5,SUBSTRATE,1272,0,0,1
P20393,NR1D1,SUBSTRATE,1273,0,0,1
P33778,H2BC3,SUBSTRATE,1274,0,0,1
P37173,TGFBR2,SUBSTRATE,1275,0,0,1
P50553,ASCL1,SUBSTRATE,1276,0,0,1
P52789,HK2,SUBSTRATE,1277,0,0,1
P62805,H4C1,SUBSTRATE,1278,0,0,1
Q02539,H1-1,SUBSTRATE,1279,0,0,1
Q13115,DUSP4,SUBSTRATE,1280,0,0,1
Q71DI3,H3C15,SUBSTRATE,1281,0,0,1
Q8IZG5,SS18,SUBSTRATE,1282,0,0,1
Q92769,HDAC2,SUBSTRATE,1283,0,0,1
Q92858,ATOH1,SUBSTRATE,1284,0,0,1
Q9UGP5,POLL,SUBSTRATE,1285,0,0,1
Q9UIF7,MUTYH,SUBSTRATE,1286,0,0,1
Q9Y4C1,KDM3A,SUBSTRATE,1287,0,0,1
Q9Y4P8,WIPI2,SUBSTRATE,1288,0,0,1
O95388,CCN4,SUBSTRATE,1289,0,0,1
O95409,ZIC2,SUBSTRATE,1290,0,0,1
P08134,RHOC,SUBSTRATE,1291,0,0,1
Q9NYY3,PLK2,SUBSTRATE,1292,0,0,1
O75460,ERN1,SUBSTRATE,1293,0,0,1
P01009,SERPINA1,SUBSTRATE,1294,0,0,1
P01848,TRAC,SUBSTRATE,1295,0,0,1
P04035,HMGCR,SUBSTRATE,1296,0,0,1
P05067,APP,SUBSTRATE,1297,0,0,1
P10636,MAPT,SUBSTRATE,1298,0,0,1
P22304,IDS,SUBSTRATE,1299,0,0,1
P31645,SLC6A4,SUBSTRATE,1300,0,0,1
P78380,OLR1,SUBSTRATE,1301,0,0,1
Q5T5C0,STXBP5,SUBSTRATE,1302,0,0,1
Q8WXF7,ATL1,SUBSTRATE,1303,0,0,1
Q92542,NCSTN,SUBSTRATE,1304,0,0,1
Q96AJ1,CLUAP1,SUBSTRATE,1305,0,0,1
Q96M98,PACRG,SUBSTRATE,1306,0,0,1
P08754,GNAI3,SUBSTRATE,1307,0,0,1
O75626,PRDM1,SUBSTRATE,1308,0,0,1
P41182,BCL6,SUBSTRATE,1309,0,0,1
Q15836,VAMP3,SUBSTRATE,1310,0,0,1
Q08AJ9,HIST1H2AB,SUBSTRATE,1311,0,0,1
O60486,PLXNC1,SUBSTRATE,1312,0,0,1
P01880,IGHD,SUBSTRATE,1313,0,0,1
P01909,HLA-DQA1,SUBSTRATE,1314,0,0,1
P01920,HLA-DQB1,SUBSTRATE,1315,0,0,1
P10586,PTPRF,SUBSTRATE,1316,0,0,1
P15151,PVR,SUBSTRATE,1317,0,0,1
P18433,PTPRA,SUBSTRATE,1318,0,0,1
P31994,FCGR2B,SUBSTRATE,1319,0,0,1
Q12913,PTPRJ,SUBSTRATE,1320,0,0,1
Q13291,SLAMF1,SUBSTRATE,1321,0,0,1
Q6BAA4,FCRLB,SUBSTRATE,1322,0,0,1
Q8NHL6,LILRB1,SUBSTRATE,1323,0,0,1
Q96LA5,FCRL2,SUBSTRATE,1324,0,0,1
Q9BV40,VAMP8,SUBSTRATE,1325,0,0,1
Q9UHN6,CEMIP2,SUBSTRATE,1326,0,0,1
O15078,CEP290,SUBSTRATE,1327,0,0,1
P53355,DAPK1,SUBSTRATE,1328,0,0,1
P78504,JAG1,SUBSTRATE,1329,0,0,1
Q15154,PCM1,SUBSTRATE,1330,0,0,1
Q9HCM4,EPB41L5,SUBSTRATE,1331,0,0,1
Q9UPN4,CEP131,SUBSTRATE,1332,0,0,1
O00472,ELL2,SUBSTRATE,1333,0,0,1
O75525,KHDRBS3,SUBSTRATE,1334,0,0,1
P10242,MYB,SUBSTRATE,1335,0,0,1
P36888,FLT3,SUBSTRATE,1336,0,0,1
P40305,IFI27,SUBSTRATE,1337,0,0,1
P41594,GRM5,SUBSTRATE,1338,0,0,1
P49675,STAR,SUBSTRATE,1339,0,0,1
P51825,AFF1,SUBSTRATE,1340,0,0,1
P55199,ELL,SUBSTRATE,1341,0,0,1
P60903,S100A10,SUBSTRATE,1342,0,0,1
P98161,PKD1,SUBSTRATE,1343,0,0,1
Q13118,KLF10,SUBSTRATE,1344,0,0,1
Q14807,KIF22,SUBSTRATE,1345,0,0,1
Q15554,TERF2,SUBSTRATE,1346,0,0,1
Q6IE81,JADE1,SUBSTRATE,1347,0,0,1
Q9HB71,CACYBP,SUBSTRATE,1348,0,0,1
Q9UPY8,MAPRE3,SUBSTRATE,1349,0,0,1
P35813,PPM1A,SUBSTRATE,1350,0,0,1
P08100,RHO,SUBSTRATE,1351,0,0,1
Q9H6E5,TUT1,SUBSTRATE,1352,0,0,1
P10826,RARB,SUBSTRATE,1353,0,0,1
Q8NBJ4,GOLM1,SUBSTRATE,1354,0,0,1
Q96CV9,OPTN,SUBSTRATE,1355,0,0,1
Q9Y657,SPIN1,SUBSTRATE,1356,0,0,1
Q9P0M6,MACROH2A2,SUBSTRATE,1357,0,0,1
Q9H5V8,CDCP1,SUBSTRATE,1358,0,0,1
P14921,ETS1,SUBSTRATE,1359,0,0,1
P25490,YY1,SUBSTRATE,1360,0,0,1
P18065,IGFBP2,SUBSTRATE,1361,0,0,1
Q8IZP1,TBC1D3,SUBSTRATE,1362,0,0,1
Q92918,MAP4K1,SUBSTRATE,1363,0,0,1
Q9BQQ3,GORASP1,SUBSTRATE,1364,0,0,1
Q9UKL4,GJD2,SUBSTRATE,1365,0,0,1
Q9BT92,TCHP,SUBSTRATE,1366,0,0,1
P27449,ATP6V0C,SUBSTRATE,1367,0,0,1
Q14558,PRPSAP1,SUBSTRATE,1368,0,0,1
O95859,TSPAN12,SUBSTRATE,1369,0,0,1
Q15382,RHEB,SUBSTRATE,1370,0,0,1
Q04721,NOTCH2,SUBSTRATE,1371,0,0,1
P15056,BRAF,SUBSTRATE,1372,0,0,1
Q9UJA2,CRLS1,SUBSTRATE,1373,0,0,1
P15104,GLUL,SUBSTRATE,1374,0,0,1
Q03135,CAV1,SUBSTRATE,1375,0,0,1
O14867,BACH1,SUBSTRATE,1376,0,0,1
O60346,PHLPP1,SUBSTRATE,1377,0,0,1
O94953,KDM4B,SUBSTRATE,1378,0,0,1
O95817,BAG3,SUBSTRATE,1379,0,0,1
P35613,BSG,SUBSTRATE,1380,0,0,1
P30153,RAD51,SUBSTRATE,1381,0,0,1
P84077,ARF1,SUBSTRATE,1382,0,0,1
O14576,DYNC1I1,SUBSTRATE,1383,0,0,1
O43237,DYNC1LI2,SUBSTRATE,1384,0,0,1
P32519,ELF1,SUBSTRATE,1385,0,0,1
Q15022,SUZ12,SUBSTRATE,1386,0,0,1
Q15910,EZH2,SUBSTRATE,1387,0,0,1
Q6PJQ5,FOXR2,SUBSTRATE,1388,0,0,1
Q9Y5V3,MAGED1,SUBSTRATE,1389,0,0,1
P01100,FOS,SUBSTRATE,1390,0,0,1
P03956,MMP1,SUBSTRATE,1391,0,0,1
P21589,NT5E,SUBSTRATE,1392,0,0,1
P41161,ETV5,SUBSTRATE,1393,0,0,1
P50549,ETV1,SUBSTRATE,1394,0,0,1
P50991,CCT4,SUBSTRATE,1395,0,0,1
Q6UUV9,CRTC1,SUBSTRATE,1396,0,0,1
Q96EB6,SIRT1,SUBSTRATE,1397,0,0,1
P13473,LAMP2,SUBSTRATE,1398,0,0,1
P13631,RARG,SUBSTRATE,1399,0,0,1
O60828,PQBP1,SUBSTRATE,1400,0,0,1
O76021,RSL1D1,SUBSTRATE,1401,0,0,1
P01732,CD8A,SUBSTRATE,1402,0,0,1
P22459,KCNA4,SUBSTRATE,1403,0,0,1
P41595,HTR2B,SUBSTRATE,1404,0,0,1
P48546,GIPR,SUBSTRATE,1405,0,0,1
P56750,CLDN17,SUBSTRATE,1406,0,0,1
Q05586,GRIN1,SUBSTRATE,1407,0,0,1
Q96BR9,ZBTB8A,SUBSTRATE,1408,0,0,1
Q96KB5,PBK,SUBSTRATE,1409,0,0,1
O96004,HAND1,SUBSTRATE,1410,0,0,1
P19419,ELK1,SUBSTRATE,1411,0,0,1
P52952,NKX2-5,SUBSTRATE,1412,0,0,1
P61371,ISL1,SUBSTRATE,1413,0,0,1
P06899,H2BC11,SUBSTRATE,1414,0,0,1
Q17RS7,GEN1,SUBSTRATE,1415,0,0,1
O15511,ARPC5,SUBSTRATE,1416,0,0,1
P16070,CD44,SUBSTRATE,1417,0,0,1
P29965,CD40LG,SUBSTRATE,1418,0,0,1
P31146,CORO1A,SUBSTRATE,1419,0,0,1
P52565,ARHGDIA,SUBSTRATE,1420,0,0,1
P52566,ARHGDIB,SUBSTRATE,1421,0,0,1
Q01151,CD83,SUBSTRATE,1422,0,0,1
O15503,INSIG1,SUBSTRATE,1423,0,0,1
Q9NRC1,ST7,SUBSTRATE,1424,0,0,1
P05771,PRKCB,SUBSTRATE,1425,0,0,1
Q02156,PRKCE,SUBSTRATE,1426,0,0,1
Q8N884,CGAS,SUBSTRATE,1427,0,0,1
Q9Y5A6,ZSCAN21,SUBSTRATE,1428,0,0,1
Q9NQB0,TCF7L2,SUBSTRATE,1429,0,0,1
Q9UJU2,LEF1,SUBSTRATE,1430,0,0,1
P04843,RPN1,SUBSTRATE,1431,0,0,1
Q13323,BIK,SUBSTRATE,1432,0,0,1
P01130,LDLR,SUBSTRATE,1433,0,0,1
P98155,VLDLR,SUBSTRATE,1434,0,0,1
Q14114,LRP8,SUBSTRATE,1435,0,0,1
P24941,CDK2,SUBSTRATE,1436,0,0,1
Q9HBD1,RC3H2,SUBSTRATE,1437,0,0,1
Q6MZQ0,PRR5L,SUBSTRATE,1438,0,0,1
Q92851,CASP10,SUBSTRATE,1439,0,0,1
Q01831,XPC,SUBSTRATE,1440,0,0,1
Q9BVC4,MLST8,SUBSTRATE,1441,0,0,1
P02765,AHSG,SUBSTRATE,1442,0,0,1
P17275,JUNB,SUBSTRATE,1443,0,0,1
P17861,XBP1,SUBSTRATE,1444,0,0,1
P17947,SPI1,SUBSTRATE,1445,0,0,1
P36956,SREBF1,SUBSTRATE,1446,0,0,1
P49716,CEBPD,SUBSTRATE,1447,0,0,1
P49768,PSEN1,SUBSTRATE,1448,0,0,1
P52630,STAT2,SUBSTRATE,1449,0,0,1
P53805,RCAN1,SUBSTRATE,1450,0,0,1
Q00613,HSF1,SUBSTRATE,1451,0,0,1
Q00653,NFKB2,SUBSTRATE,1452,0,0,1
Q06124,PTPN11,SUBSTRATE,1453,0,0,1
Q12772,SREBF2,SUBSTRATE,1454,0,0,1
Q14494,NFE2L1,SUBSTRATE,1455,0,0,1
Q15583,TGIF1,SUBSTRATE,1456,0,0,1
Q16204,CCDC6,SUBSTRATE,1457,0,0,1
Q49AN0,CRY2,SUBSTRATE,1458,0,0,1
Q70SY1,CREB3L2,SUBSTRATE,1459,0,0,1
Q71F56,MED13L,SUBSTRATE,1460,0,0,1
Q8WUI4,HDAC7,SUBSTRATE,1461,0,0,1
Q96BA8,CREB3L1,SUBSTRATE,1462,0,0,1
Q96GD4,AURKB,SUBSTRATE,1463,0,0,1
Q99062,CSF3R,SUBSTRATE,1464,0,0,1
Q99848,EBNA1BP2,SUBSTRATE,1465,0,0,1
Q9H0K1,SIK2,SUBSTRATE,1466,0,0,1
Q9H1I8,ASCC2,SUBSTRATE,1467,0,0,1
Q9H3D4,TP63,SUBSTRATE,1468,0,0,1
Q9NRI5,DISC1,SUBSTRATE,1469,0,0,1
Q9UBK2,PPARGC1A,SUBSTRATE,1470,0,0,1
Q9UHV7,MED13,SUBSTRATE,1471,0,0,1
Q9UQ13,SHOC2,SUBSTRATE,1472,0,0,1
Q9Y2Y9,KLF13,SUBSTRATE,1473,0,0,1
Q9Y5W3,KLF2,SUBSTRATE,1474,0,0,1
Q9Y239,NOD1,SUBSTRATE,1475,0,0,1
P15173,MYOG,SUBSTRATE,1476,0,0,1
P19429,TNNI3,SUBSTRATE,1477,0,0,1
Q13535,ATR,SUBSTRATE,1478,0,0,1
Q14896,MYBPC3,SUBSTRATE,1479,0,0,1
Q16558,KCNMB1,SUBSTRATE,1480,0,0,1
Q9UBF9,MYOT,SUBSTRATE,1481,0,0,1
Q9Y6J0,CABIN1,SUBSTRATE,1482,0,0,1
P05976,MYL1,SUBSTRATE,1483,0,0,1
P06576,ATP5F1B,SUBSTRATE,1484,0,0,1
P06732,CKM,SUBSTRATE,1485,0,0,1
P10827,THRA,SUBSTRATE,1486,0,0,1
P10916,MYL2,SUBSTRATE,1487,0,0,1
P19237,TNNI1,SUBSTRATE,1488,0,0,1
P31937,HIBADH,SUBSTRATE,1489,0,0,1
P63316,TNNC1,SUBSTRATE,1490,0,0,1
Q14324,MYBPC2,SUBSTRATE,1491,0,0,1
Q96A32,MYLPF,SUBSTRATE,1492,0,0,1
Q9Y692,GMEB1,SUBSTRATE,1493,0,0,1
Q12929,EPS8,SUBSTRATE,1494,0,0,1
Q6UVJ0,SASS6,SUBSTRATE,1495,0,0,1
Q96QB1,DLC1,SUBSTRATE,1496,0,0,1
Q9Y238,DLEC1,SUBSTRATE,1497,0,0,1
P47989,XDH,SUBSTRATE,1498,0,0,1
Q969F2,NKD2,SUBSTRATE,1499,0,0,1
O14763,TNFRSF10B,SUBSTRATE,1500,0,0,1
P05026,ATP1B1,SUBSTRATE,1501,0,0,1
P12277,CKB,SUBSTRATE,1502,0,0,1
P12532,CKMT1A,SUBSTRATE,1503,0,0,1
P17252,PRKCA,SUBSTRATE,1504,0,0,1
P29466,CASP1,SUBSTRATE,1505,0,0,1
P51843,NR0B1,SUBSTRATE,1506,0,0,1
P51532,SMARCA4,SUBSTRATE,1507,0,0,1
Q12824,SMARCB1,SUBSTRATE,1508,0,0,1
Q86WJ1,CHD1L,SUBSTRATE,1509,0,0,1
Q96GM5,SMARCD1,SUBSTRATE,1510,0,0,1
Q9BYX4,IFIH1,SUBSTRATE,1511,0,0,1
Q9HB29,IL1RL2,SUBSTRATE,1512,0,0,1
P26951,IL3RA,SUBSTRATE,1513,0,0,1
P0CJ68,MTRNR2L1,SUBSTRATE,1514,0,0,1
P26367,PAX6,SUBSTRATE,1515,0,0,1
Q96QS3,ARX,SUBSTRATE,1516,0,0,1
Q96RN5,MED15,SUBSTRATE,1517,0,0,1
Q9P219,CCDC88C,SUBSTRATE,1518,0,0,1
Q15311,RALBP1,SUBSTRATE,1519,0,0,1
O75915,ARL6IP5,SUBSTRATE,1520,0,0,1
Q12981,BNIP1,SUBSTRATE,1521,0,0,1
Q9BRJ7,NUDT16L1,SUBSTRATE,1522,0,0,1
F5HEZ4,ORF71,SUBSTRATE,1523,0,0,1
O15357,INPPL1,SUBSTRATE,1524,0,0,1
O15519,CFLAR,SUBSTRATE,1525,0,0,1
O43294,TGFB1I1,SUBSTRATE,1526,0,0,1
O60240,PLIN1,SUBSTRATE,1527,0,0,1
O75581,LRP6,SUBSTRATE,1528,0,0,1
P05777,M,SUBSTRATE,1529,0,0,1
P16403,H1-2,SUBSTRATE,1530,0,0,1
P17844,DDX5,SUBSTRATE,1531,0,0,1
P45985,MAP2K4,SUBSTRATE,1532,0,0,1
P55957,BID,SUBSTRATE,1533,0,0,1
P61073,CXCR4,SUBSTRATE,1534,0,0,1
Q13635,PTCH1,SUBSTRATE,1535,0,0,1
Q14511,NEDD9,SUBSTRATE,1536,0,0,1
Q15750,TAB1,SUBSTRATE,1537,0,0,1
Q15811,ITSN1,SUBSTRATE,1538,0,0,1
Q16621,NFE2,SUBSTRATE,1539,0,0,1
Q16625,OCLN,SUBSTRATE,1540,0,0,1
Q16630,CPSF6,SUBSTRATE,1541,0,0,1
Q3T906,GNPTAB,SUBSTRATE,1542,0,0,1
Q8NEA6,GLIS3,SUBSTRATE,1543,0,0,1
Q8WWW0,RASSF5,SUBSTRATE,1544,0,0,1
Q99541,PLIN2,SUBSTRATE,1545,0,0,1
Q9BTU6,PI4K2A,SUBSTRATE,1546,0,0,1
Q9H3M7,TXNIP,SUBSTRATE,1547,0,0,1
Q9HBA0,TRPV4,SUBSTRATE,1548,0,0,1
Q9UBN4,TRPC4,SUBSTRATE,1549,0,0,1
Q9Y371,SH3GLB1,SUBSTRATE,1550,0,0,1
Q9Y5X1,SNX9,SUBSTRATE,1551,0,0,1
P52597,HNRNPF,SUBSTRATE,1552,0,0,1
Q14643,ITPR1,SUBSTRATE,1553,0,0,1
Q15173,PPP2R5B,SUBSTRATE,1554,0,0,1
O14579,COPE,SUBSTRATE,1555,0,0,1
P49458,SRP9,SUBSTRATE,1556,0,0,1
Q15717,ELAVL1,SUBSTRATE,1557,0,0,1
Q5T7V8,GORAB,SUBSTRATE,1558,0,0,1
Q9Y253,POLH,SUBSTRATE,1559,0,0,1
Q9Y5M8,SRPRB,SUBSTRATE,1560,0,0,1
Q8WW12,PCNP,SUBSTRATE,1561,0,0,1
O00213,APBB1,SUBSTRATE,1562,0,0,1
O15527,OGG1,SUBSTRATE,1563,0,0,1
O76090,BEST1,SUBSTRATE,1564,0,0,1
P11686,SFTPC,SUBSTRATE,1565,0,0,1
P22001,KCNA3,SUBSTRATE,1566,0,0,1
P33527,ABCC1,SUBSTRATE,1567,0,0,1
P37088,SCNN1A,SUBSTRATE,1568,0,0,1
P43003,SLC1A3,SUBSTRATE,1569,0,0,1
P51795,CLCN5,SUBSTRATE,1570,0,0,1
P62745,RHOB,SUBSTRATE,1571,0,0,1
Q01813,PFKP,SUBSTRATE,1572,0,0,1
Q15858,SCN9A,SUBSTRATE,1573,0,0,1
Q16620,NTRK2,SUBSTRATE,1574,0,0,1
Q6UUV7,CRTC3,SUBSTRATE,1575,0,0,1
Q8TCC7,SLC22A8,SUBSTRATE,1576,0,0,1
Q8TDR2,STK35,SUBSTRATE,1577,0,0,1
Q8WXF1,PSPC1,SUBSTRATE,1578,0,0,1
Q96D31,ORAI1,SUBSTRATE,1579,0,0,1
Q96QD8,SLC38A2,SUBSTRATE,1580,0,0,1
Q99250,SCN2A,SUBSTRATE,1581,0,0,1
Q9H1D0,TRPV6,SUBSTRATE,1582,0,0,1
Q9NRA0,SPHK2,SUBSTRATE,1583,0,0,1
Q9NY46,SCN3A,SUBSTRATE,1584,0,0,1
Q9P2K8,EIF2AK4,SUBSTRATE,1585,0,0,1
Q9UQD0,SCN8A,SUBSTRATE,1586,0,0,1
Q9Y5Y9,SCN10A,SUBSTRATE,1587,0,0,1
O75369,FLNB,SUBSTRATE,1588,0,0,1
P21333,FLNA,SUBSTRATE,1589,0,0,1
Q13422,IKZF1,SUBSTRATE,1590,0,0,1
Q9UJQ4,SALL4,SUBSTRATE,1591,0,0,1
Q9UKT9,IKZF3,SUBSTRATE,1592,0,0,1
P26358,DNMT1,SUBSTRATE,1593,0,0,1
A6NK89,RASSF10,SUBSTRATE,1594,0,0,1
Q8N488,RYBP,SUBSTRATE,1595,0,0,1
P30291,WEE1,SUBSTRATE,1596,0,0,1
P35228,NOS2,SUBSTRATE,1597,0,0,1
P60321,NANOS2,SUBSTRATE,1598,0,0,1
Q5T9L3,WLS,SUBSTRATE,1599,0,0,1
O43511,SLC26A4,SUBSTRATE,1600,0,0,1
P49023,PXN,SUBSTRATE,1601,0,0,1
P68036,UBE2L3,SUBSTRATE,1602,0,0,1
Q12770,SCAP,SUBSTRATE,1603,0,0,1
Q8ZNR3,sopA,SUBSTRATE,1604,0,0,1
Q9P055,JKAMP,SUBSTRATE,1605,0,0,1
O00422,SAP18,SUBSTRATE,1606,0,0,1
P08670,VIM,SUBSTRATE,1607,0,0,1
Q9GZX7,AICDA,SUBSTRATE,1608,0,0,1
Q9H257,CARD9,SUBSTRATE,1609,0,0,1
Q14678,KANK1,SUBSTRATE,1610,0,0,1
Q8N5C8,TAB3,SUBSTRATE,1611,0,0,1
Q9NYJ8,TAB2,SUBSTRATE,1612,0,0,1
Q9NQ88,TIGAR,SUBSTRATE,1613,0,0,1
P02647,APOA1,SUBSTRATE,1614,0,0,1
P50552,VASP,SUBSTRATE,1615,0,0,1
Q7Z2W7,TRPM8,SUBSTRATE,1616,0,0,1
P07196,NEFL,SUBSTRATE,1617,0,0,1
P50539,MXI1,SUBSTRATE,1618,0,0,1
O00425,IGF2BP3,SUBSTRATE,1619,0,0,1
P29350,PTPN6,SUBSTRATE,1620,0,0,1
Q86U70,LDB1,SUBSTRATE,1621,0,0,1
Q13541,EIF4EBP1,SUBSTRATE,1622,0,0,1
O14681,EI24,SUBSTRATE,1623,0,0,1
O43541,SMAD6,SUBSTRATE,1624,0,0,1
P03345,gag,SUBSTRATE,1625,0,0,1
P0C209,gag,SUBSTRATE,1626,0,0,1
P14076,gag,SUBSTRATE,1627,0,0,1
P14077,gag,SUBSTRATE,1628,0,0,1
Q8N0X7,SPART,SUBSTRATE,1629,0,0,1
Q9Y2J4,AMOTL2,SUBSTRATE,1630,0,0,1
P14136,GFAP,SUBSTRATE,1631,0,0,1
P46821,MAP1B,SUBSTRATE,1632,0,0,1
Q15465,SHH,SUBSTRATE,1633,0,0,1
Q66K74,MAP1S,SUBSTRATE,1634,0,0,1
Q676U5,ATG16L1,SUBSTRATE,1635,0,0,1
Q99426,TBCB,SUBSTRATE,1636,0,0,1
O00571,DDX3X,SUBSTRATE,1637,0,0,1
Q8IW35,CEP97,SUBSTRATE,1638,0,0,1
Q9UPW8,UNC13A,SUBSTRATE,1639,0,0,1
P11678,EPX,SUBSTRATE,1640,0,0,1
P17676,CEBPB,SUBSTRATE,1641,0,0,1
Q8WTX7,CASTOR1,SUBSTRATE,1642,0,0,1
Q96BI1,SLC22A18,SUBSTRATE,1643,0,0,1
Q13123,IK,SUBSTRATE,1644,0,0,1
P20333,TNFRSF1B,SUBSTRATE,1645,0,0,1
P41134,ID1,SUBSTRATE,1646,0,0,1
P49841,GSK3B,SUBSTRATE,1647,0,0,1
P61224,RAP1B,SUBSTRATE,1648,0,0,1
Q01826,SATB1,SUBSTRATE,1649,0,0,1
Q02535,ID3,SUBSTRATE,1650,0,0,1
Q13257,MAD2L1,SUBSTRATE,1651,0,0,1
Q15797,SMAD1,SUBSTRATE,1652,0,0,1
Q96FJ0,STAMBPL1,SUBSTRATE,1653,0,0,1
Q99717,SMAD5,SUBSTRATE,1654,0,0,1
Q9NP71,MLXIPL,SUBSTRATE,1655,0,0,1
A6NI79,CCDC69,SUBSTRATE,1656,0,0,1
O00238,BMPR1B,SUBSTRATE,1657,0,0,1
O00291,HIP1,SUBSTRATE,1658,0,0,1
O14730,RIOK3,SUBSTRATE,1659,0,0,1
O76013,KRT36,SUBSTRATE,1660,0,0,1
O76080,ZFAND5,SUBSTRATE,1661,0,0,1
O95947,TBX6,SUBSTRATE,1662,0,0,1
P05129,PRKCG,SUBSTRATE,1663,0,0,1
P07332,FES,SUBSTRATE,1664,0,0,1
P08133,ANXA6,SUBSTRATE,1665,0,0,1
P19784,CSNK2A2,SUBSTRATE,1666,0,0,1
P21709,EPHA1,SUBSTRATE,1667,0,0,1
P26038,MSN,SUBSTRATE,1668,0,0,1
P35626,ADRBK2,SUBSTRATE,1669,0,0,1
P36894,BMPR1A,SUBSTRATE,1670,0,0,1
P42679,MATK,SUBSTRATE,1671,0,0,1
P48730,CSNK1D,SUBSTRATE,1672,0,0,1
P60002,ELOF1,SUBSTRATE,1673,0,0,1
P61077,UBE2D3,SUBSTRATE,1674,0,0,1
P61086,UBE2K,SUBSTRATE,1675,0,0,1
P61328,FGF12,SUBSTRATE,1676,0,0,1
P67936,TPM4,SUBSTRATE,1677,0,0,1
P80192,MAP3K9,SUBSTRATE,1678,0,0,1
Q00688,FKBP3,SUBSTRATE,1679,0,0,1
Q02779,MAP3K10,SUBSTRATE,1680,0,0,1
Q04771,ACVR1,SUBSTRATE,1681,0,0,1
Q06187,BTK,SUBSTRATE,1682,0,0,1
Q08881,ITK,SUBSTRATE,1683,0,0,1
Q13404,UBE2V1,SUBSTRATE,1684,0,0,1
Q13492,PICALM,SUBSTRATE,1685,0,0,1
Q13873,BMPR2,SUBSTRATE,1686,0,0,1
Q15642,TRIP10,SUBSTRATE,1687,0,0,1
Q15726,KISS1,SUBSTRATE,1688,0,0,1
Q16186,ADRM1,SUBSTRATE,1689,0,0,1
Q569H4,PRR16,SUBSTRATE,1690,0,0,1
Q5BJF6,ODF2,SUBSTRATE,1691,0,0,1
Q6ZTN6,ANKRD13D,SUBSTRATE,1692,0,0,1
Q6ZVM7,TOM1L2,SUBSTRATE,1693,0,0,1
Q7KZI7,MARK2,SUBSTRATE,1694,0,0,1
Q7Z4L4,TNIK,SUBSTRATE,1695,0,0,1
Q8IZ07,ANKRD13A,SUBSTRATE,1696,0,0,1
Q8N519,,SUBSTRATE,1697,0,0,1
Q8N6M0,OTUD6B,SUBSTRATE,1698,0,0,1
Q8N8V4,ANKS4B,SUBSTRATE,1699,0,0,1
Q8NFZ5,TNIP2,SUBSTRATE,1700,0,0,1
Q8TB46,ANKRD50,SUBSTRATE,1701,0,0,1
Q92519,TRIB2,SUBSTRATE,1702,0,0,1
Q96C92,ENTR1,SUBSTRATE,1703,0,0,1
Q96KG9,SCYL1,SUBSTRATE,1704,0,0,1
Q99988,GDF15,SUBSTRATE,1705,0,0,1
Q9BRJ6,C7orf50,SUBSTRATE,1706,0,0,1
Q9BSL1,UBAC1,SUBSTRATE,1707,0,0,1
Q9BZV1,UBXN6,SUBSTRATE,1708,0,0,1
Q9H160,ING2,SUBSTRATE,1709,0,0,1
Q9H2K8,TAOK3,SUBSTRATE,1710,0,0,1
Q9H5N1,RABEP2,SUBSTRATE,1711,0,0,1
Q9H6K1,C6orf106,SUBSTRATE,1712,0,0,1
Q9H8M7,FAM188A,SUBSTRATE,1713,0,0,1
Q9NSB8,HOMER2,SUBSTRATE,1714,0,0,1
Q9NWM3,CUEDC1,SUBSTRATE,1715,0,0,1
Q9NZ63,C9orf78,SUBSTRATE,1716,0,0,1
Q9P1Z2,CALCOCO1,SUBSTRATE,1717,0,0,1
Q9P270,SLAIN2,SUBSTRATE,1718,0,0,1
Q9P2X3,IMPACT,SUBSTRATE,1719,0,0,1
Q9P2Y5,UVRAG,SUBSTRATE,1720,0,0,1
Q9UHD9,UBQLN2,SUBSTRATE,1721,0,0,1
Q9UKE5,TNIK,SUBSTRATE,1722,0,0,1
Q9ULJ7,ANKRD50,SUBSTRATE,1723,0,0,1
Q9UM07,PADI4,SUBSTRATE,1724,0,0,1
Q9UMX0,UBQLN1,SUBSTRATE,1725,0,0,1
Q9Y261,FOXA2,SUBSTRATE,1726,0,0,1
Q9Y490,TLN1,SUBSTRATE,1727,0,0,1
Q9Y4K4,MAP4K5,SUBSTRATE,1728,0,0,1
Q9Y508,RNF114,SUBSTRATE,1729,0,0,1
Q9Y6I3,EPN1,SUBSTRATE,1730,0,0,1
P09211,GSTP1,SUBSTRATE,1731,0,0,1
P62330,ARF6,SUBSTRATE,1732,0,0,1
O00584,RNASET2,SUBSTRATE,1733,0,0,1
O75882,ATRN,SUBSTRATE,1734,0,0,1
Q96HE7,ERO1A,SUBSTRATE,1735,0,0,1
Q9BRS2,RIOK1,SUBSTRATE,1736,0,0,1
O00628,PEX7,SUBSTRATE,1737,0,0,1
P35250,RFC2,SUBSTRATE,1738,0,0,1
O15234,CASC3,SUBSTRATE,1739,0,0,1
O60239,SH3BP5,SUBSTRATE,1740,0,0,1
O95271,TNKS,SUBSTRATE,1741,0,0,1
P18887,XRCC1,SUBSTRATE,1742,0,0,1
Q7L8J4,SH3BP5L,SUBSTRATE,1743,0,0,1
Q9H2G9,BLZF1,SUBSTRATE,1744,0,0,1
Q9H2K2,TNKS2,SUBSTRATE,1745,0,0,1
P41180,CASR,SUBSTRATE,1746,0,0,1
O43679,LDB2,SUBSTRATE,1747,0,0,1
P16949,STMN1,SUBSTRATE,1748,0,0,1
P25791,LMO2,SUBSTRATE,1749,0,0,1
P50458,LHX2,SUBSTRATE,1750,0,0,1
P54274,TERF1,SUBSTRATE,1751,0,0,1
P61968,LMO4,SUBSTRATE,1752,0,0,1
Q92994,BRF1,SUBSTRATE,1753,0,0,1
Q96MM3,ZFP42,SUBSTRATE,1754,0,0,1
Q9UBR4,LHX3,SUBSTRATE,1755,0,0,1
Q9NVI1,FANCI,SUBSTRATE,1756,0,0,1
O00206,TLR4,SUBSTRATE,1757,0,0,1
Q9NR97,TLR8,SUBSTRATE,1758,0,0,1
O00220,TNFRSF10A,SUBSTRATE,1759,0,0,1
P46939,UTRN,SUBSTRATE,1760,0,0,1
Q9Y3D6,FIS1,SUBSTRATE,1761,0,0,1
Q56A73,SPIN4,SUBSTRATE,1762,0,0,1
P58004,SESN2,SUBSTRATE,1763,0,0,1
P30838,ALDH3A1,SUBSTRATE,1764,0,0,1
Q14012,CAMK1,SUBSTRATE,1765,0,0,1
Q96RR4,CAMKK2,SUBSTRATE,1766,0,0,1
Q9NQW6,ANLN,SUBSTRATE,1767,0,0,1
A4F535,P,SUBSTRATE,1768,0,0,1
P28715,ERCC5,SUBSTRATE,1769,0,0,1
Q13569,TDG,SUBSTRATE,1770,0,0,1
Q16526,CRY1,SUBSTRATE,1771,0,0,1
Q6IQ49,SDE2,SUBSTRATE,1772,0,0,1
Q92830,KAT2A,SUBSTRATE,1773,0,0,1
P01135,TGFA,SUBSTRATE,1774,0,0,1
P55061,TMBIM6,SUBSTRATE,1775,0,0,1
Q9Y282,ERGIC3,SUBSTRATE,1776,0,0,1
P08514,ITGA2B,SUBSTRATE,1777,0,0,1
Q13702,RAPSN,SUBSTRATE,1778,0,0,1
Q16537,PPP2R5E,SUBSTRATE,1779,0,0,1
P20700,LMNB1,SUBSTRATE,1780,0,0,1
Q9BX63,BRIP1,SUBSTRATE,1781,0,0,1
O95259,KCNH1,SUBSTRATE,1782,0,0,1
P06935,,SUBSTRATE,1783,0,0,1
P46783,RPS10,SUBSTRATE,1784,0,0,1
P54098,POLG,SUBSTRATE,1785,0,0,1
Q7Z7B0,FILIP1,SUBSTRATE,1786,0,0,1
P22392,NME2,SUBSTRATE,1787,0,0,1
Q13363,CTBP1,SUBSTRATE,1788,0,0,1
Q5UEC6,EB1,SUBSTRATE,1789,0,0,1
P05556,ITGB1,SUBSTRATE,1790,0,0,1
P10193,UL9,SUBSTRATE,1791,0,0,1
P29033,GJB2,SUBSTRATE,1792,0,0,1
P35555,FBN1,SUBSTRATE,1793,0,0,1
P56817,BACE1,SUBSTRATE,1794,0,0,1
P78324,SIRPA,SUBSTRATE,1795,0,0,1
Q9UHB4,NDOR1,SUBSTRATE,1796,0,0,1
O43156,TTI1,SUBSTRATE,1797,0,0,1
Q9H2A3,NEUROG2,SUBSTRATE,1798,0,0,1
Q9Y4R8,TELO2,SUBSTRATE,1799,0,0,1
Q14203,DCTN1,SUBSTRATE,1800,0,0,1
Q9BQ15,NABP2,SUBSTRATE,1801,0,0,1
O00444,PLK4,SUBSTRATE,1802,0,0,1
O15111,CHUK,SUBSTRATE,1803,0,0,1
O15534,PER1,SUBSTRATE,1804,0,0,1
O60343,TBC1D4,SUBSTRATE,1805,0,0,1
P16471,PRLR,SUBSTRATE,1806,0,0,1
P17181,IFNAR1,SUBSTRATE,1807,0,0,1
P30304,CDC25A,SUBSTRATE,1808,0,0,1
P30305,CDC25B,SUBSTRATE,1809,0,0,1
Q13127,REST,SUBSTRATE,1810,0,0,1
Q76N32,CEP68,SUBSTRATE,1811,0,0,1
Q8IYD8,FANCM,SUBSTRATE,1812,0,0,1
Q9P2F8,SIPA1L2,SUBSTRATE,1813,0,0,1
Q9UKT4,FBXO5,SUBSTRATE,1814,0,0,1
P30281,CCND3,SUBSTRATE,1815,0,0,1
P49585,PCYT1A,SUBSTRATE,1816,0,0,1
Q08050,FOXM1,SUBSTRATE,1817,0,0,1
Q14573,ITPR3,SUBSTRATE,1818,0,0,1
P51114,FXR1,SUBSTRATE,1819,0,0,1
P08678,CYR1,SUBSTRATE,1820,0,0,1
P35548,MSX2,SUBSTRATE,1821,0,0,1
Q9NP62,GCM1,SUBSTRATE,1822,0,0,1
P04114,APOB,SUBSTRATE,1823,0,0,1
P08034,GJB1,SUBSTRATE,1824,0,0,1
P27701,CD82,SUBSTRATE,1825,0,0,1
Q99574,SERPINI1,SUBSTRATE,1826,0,0,1
O60331,PIP5K1C,SUBSTRATE,1827,0,0,1
Q9UPN3,MACF1,SUBSTRATE,1828,0,0,1
O00716,E2F3,SUBSTRATE,1829,0,0,1
O14777,NDC80,SUBSTRATE,1830,0,0,1
O43683,BUB1,SUBSTRATE,1831,0,0,1
O60313,OPA1,SUBSTRATE,1832,0,0,1
P04183,TK1,SUBSTRATE,1833,0,0,1
P13349,MYF5,SUBSTRATE,1834,0,0,1
P23760,PAX3,SUBSTRATE,1835,0,0,1
P23919,DTYMK,SUBSTRATE,1836,0,0,1
P45983,MAPK8,SUBSTRATE,1837,0,0,1
P45984,MAPK9,SUBSTRATE,1838,0,0,1
P53779,MAPK10,SUBSTRATE,1839,0,0,1
P55290,CDH13,SUBSTRATE,1840,0,0,1
Q00059,TFAM,SUBSTRATE,1841,0,0,1
Q02363,ID2,SUBSTRATE,1842,0,0,1
Q15004,PCLAF,SUBSTRATE,1843,0,0,1
Q15468,STIL,SUBSTRATE,1844,0,0,1
Q16875,PFKFB3,SUBSTRATE,1845,0,0,1
Q5FBB7,SGOL1,SUBSTRATE,1846,0,0,1
Q8WWK9,CKAP2,SUBSTRATE,1847,0,0,1
Q96C86,DCPS,SUBSTRATE,1848,0,0,1
Q9BXS6,NUSAP1,SUBSTRATE,1849,0,0,1
Q9ULW0,TPX2,SUBSTRATE,1850,0,0,1
O43395,PRPF3,SUBSTRATE,1851,0,0,1
P15927,RPA2,SUBSTRATE,1852,0,0,1
P27694,RPA1,SUBSTRATE,1853,0,0,1
A6MI22,tat,SUBSTRATE,1854,0,0,1
O15079,SNPH,SUBSTRATE,1855,0,0,1
O60762,DPM1,SUBSTRATE,1856,0,0,1
P00558,PGK1,SUBSTRATE,1857,0,0,1
P04839,CYBB,SUBSTRATE,1858,0,0,1
P06213,INSR,SUBSTRATE,1859,0,0,1
P07197,NEFM,SUBSTRATE,1860,0,0,1
P07900,HSP90AA1,SUBSTRATE,1861,0,0,1
P10911,MCF2,SUBSTRATE,1862,0,0,1
P11142,HSPA8,SUBSTRATE,1863,0,0,1
P15559,NQO1,SUBSTRATE,1864,0,0,1
P17612,PRKACA,SUBSTRATE,1865,0,0,1
P22694,PRKACB,SUBSTRATE,1866,0,0,1
P25815,S100P,SUBSTRATE,1867,0,0,1
P29034,S100A2,SUBSTRATE,1868,0,0,1
P29474,NOS3,SUBSTRATE,1869,0,0,1
P29475,NOS1,SUBSTRATE,1870,0,0,1
P33402,GUCY1A2,SUBSTRATE,1871,0,0,1
P34932,HSPA4,SUBSTRATE,1872,0,0,1
P43694,GATA4,SUBSTRATE,1873,0,0,1
P55017,SLC12A3,SUBSTRATE,1874,0,0,1
P56545,CTBP2,SUBSTRATE,1875,0,0,1
P63241,EIF5A,SUBSTRATE,1876,0,0,1
P80370,DLK1,SUBSTRATE,1877,0,0,1
Q12852,MAP3K12,SUBSTRATE,1878,0,0,1
Q13043,STK4,SUBSTRATE,1879,0,0,1
Q16584,MAP3K11,SUBSTRATE,1880,0,0,1
Q5S007,LRRK2,SUBSTRATE,1881,0,0,1
Q6ZWH5,NEK10,SUBSTRATE,1882,0,0,1
Q86WG3,ATCAY,SUBSTRATE,1883,0,0,1
Q8IZQ8,MYOCD,SUBSTRATE,1884,0,0,1
Q8N6T7,SIRT6,SUBSTRATE,1885,0,0,1
Q8TCG1,CIP2A,SUBSTRATE,1886,0,0,1
Q8WY41,NANOS1,SUBSTRATE,1887,0,0,1
Q96PH1,NOX5,SUBSTRATE,1888,0,0,1
Q9NPJ1,MKKS,SUBSTRATE,1889,0,0,1
Q9UPR3,SMG5,SUBSTRATE,1890,0,0,1
Q9Y697,NFS1,SUBSTRATE,1891,0,0,1
Q9H6R0,DHX33,SUBSTRATE,1892,0,0,1
O15146,MUSK,SUBSTRATE,1893,0,0,1
P48059,LIMS1,SUBSTRATE,1894,0,0,1
P55317,FOXA1,SUBSTRATE,1895,0,0,1
A0A1B0GVQ0,SPAAR,SUBSTRATE,1896,0,0,1
O00418,EEF2K,SUBSTRATE,1897,0,0,1
O75365,PTP4A3,SUBSTRATE,1898,0,0,1
P06493,CDK1,SUBSTRATE,1899,0,0,1
P18848,ATF4,SUBSTRATE,1900,0,0,1
P19235,EPOR,SUBSTRATE,1901,0,0,1
P32314,FOXN2,SUBSTRATE,1902,0,0,1
P50579,METAP2,SUBSTRATE,1903,0,0,1
P62324,BTG1,SUBSTRATE,1904,0,0,1
P78545,ELF3,SUBSTRATE,1905,0,0,1
Q01664,TFAP4,SUBSTRATE,1906,0,0,1
Q13009,TIAM1,SUBSTRATE,1907,0,0,1
Q13563,PKD2,SUBSTRATE,1908,0,0,1
Q13651,IL10RA,SUBSTRATE,1909,0,0,1
Q16635,TAZ,SUBSTRATE,1910,0,0,1
Q5JSP0,FGD3,SUBSTRATE,1911,0,0,1
Q8NF37,LPCAT1,SUBSTRATE,1912,0,0,1
Q8TDM6,DLG5,SUBSTRATE,1913,0,0,1
Q92538,GBF1,SUBSTRATE,1914,0,0,1
Q92539,LPIN2,SUBSTRATE,1915,0,0,1
Q9BZB8,CPEB1,SUBSTRATE,1916,0,0,1
Q9GZV5,WWTR1,SUBSTRATE,1917,0,0,1
Q9NS37,CREBZF,SUBSTRATE,1918,0,0,1
Q9NYP9,MIS18A,SUBSTRATE,1919,0,0,1
Q9P0N9,TBC1D7,SUBSTRATE,1920,0,0,1
Q9ULT6,ZNRF3,SUBSTRATE,1921,0,0,1
O15085,ARHGEF11,SUBSTRATE,1922,0,0,1
P57737,CORO7,SUBSTRATE,1923,0,0,1
P16150,SPN,SUBSTRATE,1924,0,0,1
Q15398,DLGAP5,SUBSTRATE,1925,0,0,1
O75449,KATNA1,SUBSTRATE,1926,0,0,1
P13051,UNG,SUBSTRATE,1927,0,0,1
Q7L590,MCM10,SUBSTRATE,1928,0,0,1
Q9Y3Z3,SAMHD1,SUBSTRATE,1929,0,0,1
O43561,LAT,SUBSTRATE,1930,0,0,1
P26927,MST1,SUBSTRATE,1931,0,0,1
P42226,STAT6,SUBSTRATE,1932,0,0,1
P42336,PIK3CA,SUBSTRATE,1933,0,0,1
P49116,NR2C2,SUBSTRATE,1934,0,0,1
P51530,DNA2,SUBSTRATE,1935,0,0,1
Q08380,LGALS3BP,SUBSTRATE,1936,0,0,1
Q13352,ITGB3BP,SUBSTRATE,1937,0,0,1
Q13568,IRF5,SUBSTRATE,1938,0,0,1
Q14192,FHL2,SUBSTRATE,1939,0,0,1
Q99538,LGMN,SUBSTRATE,1940,0,0,1
Q9BQ95,ECSIT,SUBSTRATE,1941,0,0,1
Q9BVN2,RUSC1,SUBSTRATE,1942,0,0,1
O60573,EIF4E2,SUBSTRATE,1943,0,0,1
Q14469,HES1,SUBSTRATE,1944,0,0,1
P01584,IL1B,SUBSTRATE,1945,0,0,1
Q6ZVD8,PHLPP2,SUBSTRATE,1946,0,0,1
P08253,MMP2,SUBSTRATE,1947,0,0,1
P25445,FAS,SUBSTRATE,1948,0,0,1
Q03431,PTH1R,SUBSTRATE,1949,0,0,1
Q9H5J4,ELOVL6,SUBSTRATE,1950,0,0,1
P62249,RPS16,SUBSTRATE,1951,0,0,1
Q9BZK7,TBL1XR1,SUBSTRATE,1952,0,0,1
Q01844,EWSR1,SUBSTRATE,1953,0,0,1
Q8IVP5,FUNDC1,SUBSTRATE,1954,0,0,1
Q92828,CORO2A,SUBSTRATE,1955,0,0,1
P05231,IL6,SUBSTRATE,1956,0,0,1
P10145,CXCL8,SUBSTRATE,1957,0,0,1
Q9GZV3,SLC5A7,SUBSTRATE,1958,0,0,1
Q9NPH5,NOX4,SUBSTRATE,1959,0,0,1
O15315,RAD51B,SUBSTRATE,1960,0,0,1
Q13137,CALCOCO2,SUBSTRATE,1961,0,0,1
A2AIR5,Grin3a,SUBSTRATE,1962,0,0,1
P14780,MMP9,SUBSTRATE,1963,0,0,1
O15554,KCNN4,SUBSTRATE,1964,0,0,1
Q02241,KIF23,SUBSTRATE,1965,0,0,1
Q4U2R8,SLC22A6,SUBSTRATE,1966,0,0,1
Q6FHJ7,SFRP4,SUBSTRATE,1967,0,0,1
Q7LBR1,CHMP1B,SUBSTRATE,1968,0,0,1
Q8NEM0,MCPH1,SUBSTRATE,1969,0,0,1
Q92783,STAM,SUBSTRATE,1970,0,0,1
Q99835,SMO,SUBSTRATE,1971,0,0,1
Q9BYB0,SHANK3,SUBSTRATE,1972,0,0,1
Q9HCE0,EPG5,SUBSTRATE,1973,0,0,1
O95180,CACNA1H,SUBSTRATE,1974,0,0,1
P19544,WT1,SUBSTRATE,1975,0,0,1
P49411,TUFM,SUBSTRATE,1976,0,0,1
Q9Y5Q3,MAFB,SUBSTRATE,1977,0,0,1
O15287,FANCG,SUBSTRATE,1978,0,0,1
Q14980,NUMA1,SUBSTRATE,1979,0,0,1
O14497,ARID1A,SUBSTRATE,1980,0,0,1
P62136,PPP1CA,SUBSTRATE,1981,0,0,1
P78406,RAE1,SUBSTRATE,1982,0,0,1
Q14135,VGLL4,SUBSTRATE,1983,0,0,1
Q92633,LPAR1,SUBSTRATE,1984,0,0,1
Q96S59,RANBP9,SUBSTRATE,1985,0,0,1
Q9H040,SPRTN,SUBSTRATE,1986,0,0,1
O95166,GABARAP,SUBSTRATE,1987,0,0,1
P78344,EIF4G2,SUBSTRATE,1988,0,0,1
Q92934,BAD,SUBSTRATE,1989,0,0,1
Q9BXW4,MAP1LC3C,SUBSTRATE,1990,0,0,1
Q86WI3,NLRC5,SUBSTRATE,1991,0,0,1
Q96RJ0,TAAR1,SUBSTRATE,1992,0,0,1
Q9UBS5,GABBR1,SUBSTRATE,1993,0,0,1
Q99259,GAD1,SUBSTRATE,1994,0,0,1
O95760,IL33,SUBSTRATE,1995,0,0,1
P51449,RORC,SUBSTRATE,1996,0,0,1
Q9H7L9,SUDS3,SUBSTRATE,1997,0,0,1
Q9Y256,RCE1,SUBSTRATE,1998,0,0,1
O15530,PDPK1,SUBSTRATE,1999,0,0,1
P15884,TCF4,SUBSTRATE,2000,0,0,1
P28749,RBL1,SUBSTRATE,2001,0,0,1
P29274,ADORA2A,SUBSTRATE,2002,0,0,1
P62937,PPIA,SUBSTRATE,2003,0,0,1
Q15287,RNPS1,SUBSTRATE,2004,0,0,1
Q15306,IRF4,SUBSTRATE,2005,0,0,1
Q8WWY3,PRPF31,SUBSTRATE,2006,0,0,1
Q92819,HAS2,SUBSTRATE,2007,0,0,1
O60493,SNX3,SUBSTRATE,2008,0,0,1
P18084,ITGB5,SUBSTRATE,2009,0,0,1
P20226,TBP,SUBSTRATE,2010,0,0,1
P23396,RPS3,SUBSTRATE,2011,0,0,1
P42771,CDKN2A,SUBSTRATE,2012,0,0,1
P43246,MSH2,SUBSTRATE,2013,0,0,1
P48764,SLC9A3,SUBSTRATE,2014,0,0,1
P54646,PRKAA2,SUBSTRATE,2015,0,0,1
Q03518,TAP1,SUBSTRATE,2016,0,0,1
Q8WX94,NLRP7,SUBSTRATE,2017,0,0,1
Q96DH6,MSI2,SUBSTRATE,2018,0,0,1
Q9UL17,TBX21,SUBSTRATE,2019,0,0,1
Q9Y294,ASF1A,SUBSTRATE,2020,0,0,1
O60341,KDM1A,SUBSTRATE,2021,0,0,1
Q13042,CDC16,SUBSTRATE,2022,0,0,1
Q02790,FKBP4,SUBSTRATE,2023,0,0,1
Q13451,FKBP5,SUBSTRATE,2024,0,0,1
O94826,TOMM70A,SUBSTRATE,2025,0,0,1
Q8WYQ5,DGCR8,SUBSTRATE,2026,0,0,1
P07992,ERCC1,SUBSTRATE,2027,0,0,1
Q9ULZ3,PYCARD,SUBSTRATE,2028,0,0,1
P78396,CCNA1,SUBSTRATE,2029,0,0,1
Q05516,ZBTB16,SUBSTRATE,2030,0,0,1
P11234,RALB,SUBSTRATE,2031,0,0,1
Q9Y6N7,ROBO1,SUBSTRATE,2032,0,0,1
P27348,YWHAQ,SUBSTRATE,2033,0,0,1
P51610,HCFC1,SUBSTRATE,2034,0,0,1
Q01167,FOXK2,SUBSTRATE,2035,0,0,1
Q96CW5,TUBGCP3,SUBSTRATE,2036,0,0,1
Q13619,CUL4A,SUBSTRATE,2037,0,0,1
A0A291NLA3,SIGIRR,SUBSTRATE,2038,0,0,1
O75030,MITF,SUBSTRATE,2039,0,0,1
P53396,ACLY,SUBSTRATE,2040,0,0,1
Q02218,OGDH,SUBSTRATE,2041,0,0,1
Q96RL1,UIMC1,SUBSTRATE,2042,0,0,1
A5PKW4,PSD,SUBSTRATE,2043,0,0,1
O00512,BCL9,SUBSTRATE,2044,0,0,1
O14684,PTGES,SUBSTRATE,2045,0,0,1
O60285,NUAK1,SUBSTRATE,2046,0,0,1
P23588,EIF4B,SUBSTRATE,2047,0,0,1
P33981,TTK,SUBSTRATE,2048,0,0,1
P47895,ALDH1A3,SUBSTRATE,2049,0,0,1
P60842,EIF4A1,SUBSTRATE,2050,0,0,1
Q15051,IQCB1,SUBSTRATE,2051,0,0,1
Q53EZ4,CEP55,SUBSTRATE,2052,0,0,1
Q86YR5,GPSM1,SUBSTRATE,2053,0,0,1
Q96L34,MARK4,SUBSTRATE,2054,0,0,1
Q9H3R0,KDM4C,SUBSTRATE,2055,0,0,1
Q9NYV9,TAS2R13,SUBSTRATE,2056,0,0,1
O43684,BUB3,SUBSTRATE,2057,0,0,1
P11474,ESRRA,SUBSTRATE,2058,0,0,1
P51965,UBE2E1,SUBSTRATE,2059,0,0,1
Q2YD98,UVSSA,SUBSTRATE,2060,0,0,1
Q8IXJ9,ASXL1,SUBSTRATE,2061,0,0,1
Q8NHW3,MAFA,SUBSTRATE,2062,0,0,1
Q96C12,ARMC5,SUBSTRATE,2063,0,0,1
Q9H8V3,ECT2,SUBSTRATE,2064,0,0,1
Q9NRC8,SIRT7,SUBSTRATE,2065,0,0,1
Q9NSA3,CTNNBIP1,SUBSTRATE,2066,0,0,1
O75143,ATG13,SUBSTRATE,2067,0,0,1
P37023,ACVRL1,SUBSTRATE,2068,0,0,1
Q9Y468,L3MBTL1,SUBSTRATE,2069,0,0,1
P61088,UBE2N,SUBSTRATE,2070,0,0,1
Q9UPY5,SLC7A11,SUBSTRATE,2071,0,0,1
O00463,TRAF5,SUBSTRATE,2072,0,0,1
O14737,PDCD5,SUBSTRATE,2073,0,0,1
Q9NY99,SNTG2,SUBSTRATE,2074,0,0,1
Q9HA47,UCK1,SUBSTRATE,2075,0,0,1
Q9HCX3,ZNF304,SUBSTRATE,2076,0,0,1
P20749,BCL3,SUBSTRATE,2077,0,0,1
P42773,CDKN2C,SUBSTRATE,2078,0,0,1
P59044,NLRP6,SUBSTRATE,2079,0,0,1
Q02246,CNTN2,SUBSTRATE,2080,0,0,1
Q8NHQ1,CEP70,SUBSTRATE,2081,0,0,1
Q9NZN5,ARHGEF12,SUBSTRATE,2082,0,0,1
O95602,POLR1A,SUBSTRATE,2083,0,0,1
Q9Y570,PPME1,SUBSTRATE,2084,0,0,1
Q8N4S9,MARVELD2,SUBSTRATE,2085,0,0,1
P15407,FOSL1,SUBSTRATE,2086,0,0,1
P23771,GATA3,SUBSTRATE,2087,0,0,1
P36507,MAP2K2,SUBSTRATE,2088,0,0,1
Q9UIF9,BAZ2A,SUBSTRATE,2089,0,0,1
P05161,ISG15,SUBSTRATE,2090,0,0,1
Q9C0B1,FTO,SUBSTRATE,2091,0,0,1
O75461,E2F6,SUBSTRATE,2092,0,0,1
P35354,PTGS2,SUBSTRATE,2093,0,0,1
O75943,RAD17,SUBSTRATE,2094,0,0,1
P14618,PKM,SUBSTRATE,2095,0,0,1
Q16659,MAPK6,SUBSTRATE,2096,0,0,1
P25054,APC,SUBSTRATE,2097,0,0,1
P55212,CASP6,SUBSTRATE,2098,0,0,1
Q15020,SART3,SUBSTRATE,2099,0,0,1
Q6N021,TET2,SUBSTRATE,2100,0,0,1
Q9NVV4,MTPAP,SUBSTRATE,2101,0,0,1
Q6P4R8,NFRKB,SUBSTRATE,2102,0,0,1
P49959,MRE11,SUBSTRATE,2103,0,0,1
P26006,ITGA3,SUBSTRATE,2104,0,0,1
